Year_of_Day,is_holiday,is_snap,Foods_items_Sold,Hobbies_items_Sold,Household_items_Sold,Total_Revenue_in_Dollars
Year1,0,0,16Kto24K,3Kto4K,3Kto6K,61Kto91.5K
Year1,0,1,16Kto24K,2Kto3K,3Kto6K,61Kto91.5K
Year1,1,1,16Kto24K,2Kto3K,3Kto6K,61Kto91.5K
Year3,0,0,16Kto24K,3Kto4K,6Kto9K,61Kto91.5K
Year3,0,0,16Kto24K,3Kto4K,6Kto9K,91.5Kto122K
Year3,0,0,24Kto32K,4Kto5k,9Kto12K,91.5Kto122K
Year3,0,0,24Kto32K,4Kto5k,9Kto12K,91.5Kto122K
Year3,0,0,16Kto24K,3Kto4K,6Kto9K,61Kto91.5K
Year3,0,0,16Kto24K,3Kto4K,6Kto9K,61Kto91.5K
Year3,0,0,16Kto24K,3Kto4K,6Kto9K,61Kto91.5K
Year3,1,0,16Kto24K,2Kto3K,3Kto6K,61Kto91.5K
Year3,0,1,24Kto32K,4Kto5k,9Kto12K,91.5Kto122K
Year3,0,1,24Kto32K,4Kto5k,9Kto12K,122Kto152.5K
Year1,0,1,16Kto24K,2Kto3K,3Kto6K,61Kto91.5K
Year3,0,1,32Kto40K,4Kto5k,9Kto12K,122Kto152.5K
Year3,0,1,16Kto24K,3Kto4K,6Kto9K,91.5Kto122K
Year3,0,1,24Kto32K,3Kto4K,6Kto9K,91.5Kto122K
Year3,0,1,16Kto24K,2Kto3K,6Kto9K,61Kto91.5K
Year3,0,1,16Kto24K,3Kto4K,6Kto9K,61Kto91.5K
Year3,0,1,24Kto32K,3Kto4K,6Kto9K,91.5Kto122K
Year3,0,1,24Kto32K,4Kto5k,9Kto12K,122Kto152.5K
Year3,0,1,24Kto32K,4Kto5k,9Kto12K,122Kto152.5K
Year3,1,1,24Kto32K,3Kto4K,6Kto9K,91.5Kto122K
Year3,0,1,16Kto24K,3Kto4K,3Kto6K,61Kto91.5K
Year1,0,1,8Kto16K,2Kto3K,3Kto6K,30.5Kto61K
Year3,0,1,16Kto24K,3Kto4K,3Kto6K,61Kto91.5K
Year3,0,1,16Kto24K,3Kto4K,3Kto6K,61Kto91.5K
Year3,0,1,24Kto32K,3Kto4K,6Kto9K,91.5Kto122K
Year3,0,0,24Kto32K,4Kto5k,9Kto12K,122Kto152.5K
Year3,0,0,24Kto32K,3Kto4K,9Kto12K,91.5Kto122K
Year3,0,0,16Kto24K,3Kto4K,6Kto9K,61Kto91.5K
Year3,0,0,16Kto24K,3Kto4K,3Kto6K,61Kto91.5K
Year3,0,0,16Kto24K,3Kto4K,6Kto9K,61Kto91.5K
Year3,0,0,16Kto24K,3Kto4K,6Kto9K,61Kto91.5K
Year3,0,0,16Kto24K,3Kto4K,6Kto9K,61Kto91.5K
Year1,0,1,8Kto16K,2Kto3K,3Kto6K,61Kto91.5K
Year3,0,0,24Kto32K,4Kto5k,9Kto12K,91.5Kto122K
Year3,0,0,24Kto32K,4Kto5k,9Kto12K,91.5Kto122K
Year3,0,0,16Kto24K,3Kto4K,6Kto9K,61Kto91.5K
Year3,0,0,16Kto24K,3Kto4K,6Kto9K,61Kto91.5K
Year3,0,0,24Kto32K,3Kto4K,6Kto9K,91.5Kto122K
Year3,1,0,8Kto16K,1Kto2K,3Kto6K,30.5Kto61K
Year3,0,0,8Kto16K,2Kto3K,6Kto9K,61Kto91.5K
Year3,0,0,16Kto24K,3Kto4K,6Kto9K,61Kto91.5K
Year3,0,1,24Kto32K,3Kto4K,6Kto9K,91.5Kto122K
Year3,0,1,24Kto32K,3Kto4K,6Kto9K,91.5Kto122K
Year1,0,1,8Kto16K,2Kto3K,3Kto6K,61Kto91.5K
Year3,0,1,24Kto32K,3Kto4K,6Kto9K,91.5Kto122K
Year3,0,1,16Kto24K,3Kto4K,6Kto9K,61Kto91.5K
Year3,1,1,24Kto32K,3Kto4K,6Kto9K,91.5Kto122K
Year3,0,1,24Kto32K,3Kto4K,6Kto9K,91.5Kto122K
Year3,0,1,24Kto32K,4Kto5k,6Kto9K,91.5Kto122K
Year3,0,1,24Kto32K,3Kto4K,6Kto9K,91.5Kto122K
Year3,0,1,24Kto32K,3Kto4K,6Kto9K,91.5Kto122K
Year3,0,1,16Kto24K,3Kto4K,6Kto9K,61Kto91.5K
Year3,0,1,16Kto24K,2Kto3K,3Kto6K,61Kto91.5K
Year3,0,1,16Kto24K,3Kto4K,3Kto6K,61Kto91.5K
Year1,0,1,16Kto24K,3Kto4K,3Kto6K,61Kto91.5K
Year3,0,1,24Kto32K,3Kto4K,6Kto9K,91.5Kto122K
Year3,0,1,24Kto32K,4Kto5k,6Kto9K,91.5Kto122K
Year3,0,1,24Kto32K,3Kto4K,9Kto12K,122Kto152.5K
Year3,0,0,16Kto24K,3Kto4K,6Kto9K,91.5Kto122K
Year3,0,0,16Kto24K,3Kto4K,3Kto6K,61Kto91.5K
Year3,0,0,16Kto24K,3Kto4K,6Kto9K,61Kto91.5K
Year3,0,0,16Kto24K,3Kto4K,6Kto9K,91.5Kto122K
Year3,0,0,16Kto24K,3Kto4K,6Kto9K,61Kto91.5K
Year3,0,0,24Kto32K,4Kto5k,6Kto9K,91.5Kto122K
Year3,0,0,16Kto24K,3Kto4K,6Kto9K,91.5Kto122K
Year1,0,1,16Kto24K,3Kto4K,6Kto9K,61Kto91.5K
Year3,0,0,24Kto32K,3Kto4K,6Kto9K,91.5Kto122K
Year3,0,0,16Kto24K,2Kto3K,3Kto6K,61Kto91.5K
Year3,1,0,0Kto8K,,,0Kto30.5K
Year3,0,0,16Kto24K,3Kto4K,6Kto9K,91.5Kto122K
Year3,0,0,16Kto24K,3Kto4K,6Kto9K,91.5Kto122K
Year3,0,0,16Kto24K,3Kto4K,6Kto9K,91.5Kto122K
Year3,0,0,16Kto24K,3Kto4K,6Kto9K,91.5Kto122K
Year3,0,0,16Kto24K,3Kto4K,6Kto9K,61Kto91.5K
Year3,0,0,24Kto32K,2Kto3K,6Kto9K,91.5Kto122K
Year3,1,1,16Kto24K,2Kto3K,3Kto6K,61Kto91.5K
Year1,0,1,16Kto24K,3Kto4K,6Kto9K,61Kto91.5K
Year3,0,1,16Kto24K,3Kto4K,6Kto9K,91.5Kto122K
Year3,0,1,24Kto32K,3Kto4K,6Kto9K,91.5Kto122K
Year3,0,1,24Kto32K,4Kto5k,9Kto12K,122Kto152.5K
Year3,0,1,32Kto40K,3Kto4K,6Kto9K,122Kto152.5K
Year3,0,1,16Kto24K,2Kto3K,3Kto6K,61Kto91.5K
Year3,1,1,16Kto24K,2Kto3K,3Kto6K,61Kto91.5K
Year3,0,1,16Kto24K,3Kto4K,6Kto9K,91.5Kto122K
Year3,0,1,24Kto32K,3Kto4K,3Kto6K,91.5Kto122K
Year3,0,1,16Kto24K,3Kto4K,6Kto9K,61Kto91.5K
Year3,0,1,32Kto40K,4Kto5k,9Kto12K,122Kto152.5K
Year1,0,0,8Kto16K,3Kto4K,3Kto6K,61Kto91.5K
Year3,0,1,32Kto40K,3Kto4K,6Kto9K,122Kto152.5K
Year3,0,1,16Kto24K,3Kto4K,6Kto9K,91.5Kto122K
Year3,0,1,16Kto24K,2Kto3K,3Kto6K,61Kto91.5K
Year3,0,1,16Kto24K,3Kto4K,6Kto9K,61Kto91.5K
Year3,0,0,16Kto24K,2Kto3K,6Kto9K,61Kto91.5K
Year3,0,0,24Kto32K,3Kto4K,6Kto9K,91.5Kto122K
Year3,0,0,24Kto32K,4Kto5k,9Kto12K,91.5Kto122K
Year3,0,0,24Kto32K,3Kto4K,6Kto9K,91.5Kto122K
Year3,1,0,16Kto24K,3Kto4K,6Kto9K,91.5Kto122K
Year3,0,0,16Kto24K,2Kto3K,6Kto9K,61Kto91.5K
Year1,0,0,8Kto16K,2Kto3K,3Kto6K,30.5Kto61K
Year3,0,0,16Kto24K,3Kto4K,3Kto6K,61Kto91.5K
Year3,0,0,16Kto24K,2Kto3K,3Kto6K,61Kto91.5K
Year3,0,0,16Kto24K,3Kto4K,6Kto9K,61Kto91.5K
Year3,0,0,24Kto32K,3Kto4K,9Kto12K,91.5Kto122K
Year3,0,0,24Kto32K,3Kto4K,6Kto9K,91.5Kto122K
Year3,0,0,16Kto24K,3Kto4K,6Kto9K,61Kto91.5K
Year4,0,0,16Kto24K,2Kto3K,3Kto6K,61Kto91.5K
Year4,0,0,16Kto24K,2Kto3K,3Kto6K,61Kto91.5K
Year4,0,0,16Kto24K,3Kto4K,3Kto6K,61Kto91.5K
Year4,0,0,16Kto24K,4Kto5k,6Kto9K,91.5Kto122K
Year1,0,1,16Kto24K,2Kto3K,3Kto6K,30.5Kto61K
Year1,0,0,8Kto16K,2Kto3K,3Kto6K,30.5Kto61K
Year4,0,1,24Kto32K,4Kto5k,9Kto12K,122Kto152.5K
Year4,1,1,24Kto32K,3Kto4K,6Kto9K,91.5Kto122K
Year4,0,1,24Kto32K,3Kto4K,6Kto9K,91.5Kto122K
Year4,0,1,16Kto24K,3Kto4K,6Kto9K,61Kto91.5K
Year4,0,1,16Kto24K,3Kto4K,6Kto9K,61Kto91.5K
Year4,0,1,16Kto24K,3Kto4K,6Kto9K,61Kto91.5K
Year4,0,1,16Kto24K,3Kto4K,6Kto9K,91.5Kto122K
Year4,0,1,24Kto32K,4Kto5k,9Kto12K,122Kto152.5K
Year4,0,1,32Kto40K,3Kto4K,9Kto12K,122Kto152.5K
Year4,0,1,16Kto24K,2Kto3K,6Kto9K,91.5Kto122K
Year1,0,0,8Kto16K,2Kto3K,3Kto6K,30.5Kto61K
Year4,0,1,16Kto24K,3Kto4K,6Kto9K,91.5Kto122K
Year4,0,1,24Kto32K,3Kto4K,6Kto9K,91.5Kto122K
Year4,0,1,24Kto32K,2Kto3K,6Kto9K,91.5Kto122K
Year4,1,1,16Kto24K,3Kto4K,6Kto9K,91.5Kto122K
Year4,0,1,24Kto32K,4Kto5k,9Kto12K,122Kto152.5K
Year4,0,0,24Kto32K,3Kto4K,9Kto12K,122Kto152.5K
Year4,1,0,16Kto24K,3Kto4K,9Kto12K,91.5Kto122K
Year4,0,0,16Kto24K,2Kto3K,6Kto9K,61Kto91.5K
Year4,0,0,16Kto24K,2Kto3K,6Kto9K,61Kto91.5K
Year4,0,0,16Kto24K,2Kto3K,6Kto9K,61Kto91.5K
Year1,0,0,8Kto16K,2Kto3K,3Kto6K,61Kto91.5K
Year4,0,0,16Kto24K,3Kto4K,6Kto9K,91.5Kto122K
Year4,0,0,24Kto32K,3Kto4K,9Kto12K,91.5Kto122K
Year4,0,0,24Kto32K,3Kto4K,9Kto12K,122Kto152.5K
Year4,0,0,16Kto24K,2Kto3K,6Kto9K,91.5Kto122K
Year4,0,0,16Kto24K,2Kto3K,6Kto9K,61Kto91.5K
Year4,0,0,16Kto24K,2Kto3K,6Kto9K,61Kto91.5K
Year4,0,0,16Kto24K,2Kto3K,6Kto9K,61Kto91.5K
Year4,0,0,16Kto24K,3Kto4K,6Kto9K,91.5Kto122K
Year4,0,1,24Kto32K,4Kto5k,9Kto12K,122Kto152.5K
Year4,0,1,24Kto32K,4Kto5k,9Kto12K,122Kto152.5K
Year1,0,0,16Kto24K,3Kto4K,3Kto6K,61Kto91.5K
Year4,0,1,24Kto32K,3Kto4K,6Kto9K,91.5Kto122K
Year4,0,1,16Kto24K,2Kto3K,6Kto9K,61Kto91.5K
Year4,1,1,16Kto24K,2Kto3K,6Kto9K,61Kto91.5K
Year4,0,1,16Kto24K,3Kto4K,6Kto9K,91.5Kto122K
Year4,0,1,16Kto24K,3Kto4K,6Kto9K,91.5Kto122K
Year4,0,1,24Kto32K,3Kto4K,9Kto12K,122Kto152.5K
Year4,0,1,32Kto40K,3Kto4K,9Kto12K,122Kto152.5K
Year4,0,1,24Kto32K,3Kto4K,6Kto9K,91.5Kto122K
Year4,0,1,24Kto32K,2Kto3K,6Kto9K,91.5Kto122K
Year4,1,1,24Kto32K,3Kto4K,6Kto9K,91.5Kto122K
Year1,0,0,16Kto24K,3Kto4K,3Kto6K,61Kto91.5K
Year4,0,1,16Kto24K,2Kto3K,6Kto9K,91.5Kto122K
Year4,0,1,24Kto32K,3Kto4K,6Kto9K,91.5Kto122K
Year4,0,1,24Kto32K,3Kto4K,9Kto12K,122Kto152.5K
Year4,1,0,24Kto32K,3Kto4K,9Kto12K,122Kto152.5K
Year4,1,0,16Kto24K,2Kto3K,6Kto9K,91.5Kto122K
Year4,0,0,16Kto24K,2Kto3K,6Kto9K,61Kto91.5K
Year4,0,0,16Kto24K,2Kto3K,6Kto9K,61Kto91.5K
Year4,0,0,16Kto24K,2Kto3K,6Kto9K,61Kto91.5K
Year4,0,0,16Kto24K,3Kto4K,6Kto9K,91.5Kto122K
Year4,0,0,24Kto32K,3Kto4K,9Kto12K,91.5Kto122K
Year1,0,0,8Kto16K,2Kto3K,3Kto6K,30.5Kto61K
Year4,0,0,24Kto32K,3Kto4K,9Kto12K,122Kto152.5K
Year4,0,0,16Kto24K,2Kto3K,6Kto9K,91.5Kto122K
Year4,0,0,16Kto24K,2Kto3K,6Kto9K,61Kto91.5K
Year4,0,0,16Kto24K,2Kto3K,3Kto6K,61Kto91.5K
Year4,0,0,16Kto24K,3Kto4K,6Kto9K,61Kto91.5K
Year4,0,0,16Kto24K,3Kto4K,6Kto9K,91.5Kto122K
Year4,0,0,24Kto32K,3Kto4K,9Kto12K,91.5Kto122K
Year4,0,0,24Kto32K,3Kto4K,9Kto12K,122Kto152.5K
Year4,0,0,16Kto24K,2Kto3K,6Kto9K,61Kto91.5K
Year4,0,1,16Kto24K,3Kto4K,6Kto9K,91.5Kto122K
Year1,0,0,8Kto16K,2Kto3K,3Kto6K,30.5Kto61K
Year4,0,1,16Kto24K,2Kto3K,6Kto9K,91.5Kto122K
Year4,0,1,24Kto32K,3Kto4K,6Kto9K,91.5Kto122K
Year4,0,1,24Kto32K,3Kto4K,6Kto9K,91.5Kto122K
Year4,0,1,32Kto40K,3Kto4K,9Kto12K,122Kto152.5K
Year4,0,1,32Kto40K,3Kto4K,9Kto12K,122Kto152.5K
Year4,0,1,24Kto32K,2Kto3K,6Kto9K,91.5Kto122K
Year4,0,1,24Kto32K,2Kto3K,6Kto9K,91.5Kto122K
Year4,0,1,24Kto32K,2Kto3K,6Kto9K,91.5Kto122K
Year4,0,1,16Kto24K,2Kto3K,6Kto9K,61Kto91.5K
Year4,0,1,24Kto32K,3Kto4K,6Kto9K,91.5Kto122K
Year1,0,0,8Kto16K,2Kto3K,3Kto6K,30.5Kto61K
Year4,0,1,32Kto40K,3Kto4K,9Kto12K,122Kto152.5K
Year4,0,1,32Kto40K,3Kto4K,9Kto12K,122Kto152.5K
Year4,0,1,24Kto32K,2Kto3K,6Kto9K,91.5Kto122K
Year4,0,1,24Kto32K,2Kto3K,6Kto9K,91.5Kto122K
Year4,0,0,16Kto24K,2Kto3K,6Kto9K,91.5Kto122K
Year4,0,0,16Kto24K,2Kto3K,6Kto9K,91.5Kto122K
Year4,0,0,24Kto32K,3Kto4K,6Kto9K,91.5Kto122K
Year4,0,0,32Kto40K,4Kto5k,9Kto12K,122Kto152.5K
Year4,1,0,24Kto32K,2Kto3K,6Kto9K,91.5Kto122K
Year4,0,0,16Kto24K,2Kto3K,6Kto9K,61Kto91.5K
Year1,0,0,8Kto16K,2Kto3K,3Kto6K,30.5Kto61K
Year4,1,0,16Kto24K,2Kto3K,6Kto9K,61Kto91.5K
Year4,0,0,16Kto24K,3Kto4K,6Kto9K,61Kto91.5K
Year4,0,0,16Kto24K,3Kto4K,6Kto9K,61Kto91.5K
Year4,0,0,16Kto24K,3Kto4K,6Kto9K,91.5Kto122K
Year4,0,0,24Kto32K,4Kto5k,9Kto12K,122Kto152.5K
Year4,0,0,24Kto32K,3Kto4K,9Kto12K,122Kto152.5K
Year4,0,0,16Kto24K,2Kto3K,6Kto9K,61Kto91.5K
Year4,0,0,16Kto24K,2Kto3K,6Kto9K,61Kto91.5K
Year4,0,0,16Kto24K,2Kto3K,6Kto9K,61Kto91.5K
Year4,0,1,16Kto24K,2Kto3K,6Kto9K,91.5Kto122K
Year1,0,0,8Kto16K,3Kto4K,3Kto6K,61Kto91.5K
Year4,0,1,24Kto32K,3Kto4K,6Kto9K,91.5Kto122K
Year4,0,1,24Kto32K,4Kto5k,9Kto12K,122Kto152.5K
Year4,0,1,24Kto32K,3Kto4K,9Kto12K,122Kto152.5K
Year4,1,1,24Kto32K,2Kto3K,6Kto9K,91.5Kto122K
Year4,0,1,16Kto24K,2Kto3K,6Kto9K,91.5Kto122K
Year4,0,1,16Kto24K,2Kto3K,6Kto9K,91.5Kto122K
Year4,0,1,16Kto24K,2Kto3K,6Kto9K,61Kto91.5K
Year4,0,1,24Kto32K,3Kto4K,6Kto9K,91.5Kto122K
Year4,0,1,24Kto32K,3Kto4K,6Kto9K,122Kto152.5K
Year4,1,1,24Kto32K,3Kto4K,6Kto9K,91.5Kto122K
Year1,0,1,16Kto24K,2Kto3K,3Kto6K,30.5Kto61K
Year1,0,0,16Kto24K,3Kto4K,3Kto6K,61Kto91.5K
Year4,0,1,24Kto32K,2Kto3K,6Kto9K,91.5Kto122K
Year4,0,1,24Kto32K,2Kto3K,6Kto9K,91.5Kto122K
Year4,0,1,16Kto24K,2Kto3K,6Kto9K,91.5Kto122K
Year4,0,1,24Kto32K,2Kto3K,6Kto9K,91.5Kto122K
Year4,0,0,16Kto24K,3Kto4K,6Kto9K,91.5Kto122K
Year4,0,0,24Kto32K,3Kto4K,9Kto12K,91.5Kto122K
Year4,0,0,24Kto32K,3Kto4K,9Kto12K,122Kto152.5K
Year4,0,0,16Kto24K,3Kto4K,6Kto9K,91.5Kto122K
Year4,0,0,16Kto24K,3Kto4K,6Kto9K,61Kto91.5K
Year4,0,0,16Kto24K,2Kto3K,6Kto9K,61Kto91.5K
Year1,0,0,16Kto24K,2Kto3K,3Kto6K,61Kto91.5K
Year4,0,0,16Kto24K,2Kto3K,6Kto9K,61Kto91.5K
Year4,0,0,16Kto24K,3Kto4K,6Kto9K,91.5Kto122K
Year4,0,0,24Kto32K,3Kto4K,6Kto9K,91.5Kto122K
Year4,0,0,24Kto32K,3Kto4K,6Kto9K,91.5Kto122K
Year4,1,0,16Kto24K,2Kto3K,6Kto9K,91.5Kto122K
Year4,0,0,16Kto24K,2Kto3K,6Kto9K,61Kto91.5K
Year4,0,0,16Kto24K,2Kto3K,6Kto9K,61Kto91.5K
Year4,0,0,16Kto24K,2Kto3K,6Kto9K,61Kto91.5K
Year4,0,0,16Kto24K,3Kto4K,6Kto9K,91.5Kto122K
Year4,0,0,24Kto32K,3Kto4K,9Kto12K,91.5Kto122K
Year1,1,0,8Kto16K,2Kto3K,3Kto6K,61Kto91.5K
Year4,0,1,24Kto32K,4Kto5k,9Kto12K,122Kto152.5K
Year4,0,1,24Kto32K,3Kto4K,6Kto9K,91.5Kto122K
Year4,0,1,24Kto32K,3Kto4K,6Kto9K,91.5Kto122K
Year4,0,1,16Kto24K,3Kto4K,6Kto9K,91.5Kto122K
Year4,1,1,24Kto32K,3Kto4K,6Kto9K,91.5Kto122K
Year4,0,1,24Kto32K,3Kto4K,6Kto9K,91.5Kto122K
Year4,0,1,24Kto32K,3Kto4K,9Kto12K,122Kto152.5K
Year4,0,1,32Kto40K,3Kto4K,9Kto12K,122Kto152.5K
Year4,0,1,24Kto32K,2Kto3K,6Kto9K,91.5Kto122K
Year4,0,1,16Kto24K,2Kto3K,6Kto9K,91.5Kto122K
Year1,1,0,8Kto16K,2Kto3K,3Kto6K,30.5Kto61K
Year4,0,1,24Kto32K,2Kto3K,6Kto9K,91.5Kto122K
Year4,0,1,24Kto32K,3Kto4K,6Kto9K,91.5Kto122K
Year4,0,1,24Kto32K,3Kto4K,6Kto9K,91.5Kto122K
Year4,0,1,32Kto40K,3Kto4K,6Kto9K,122Kto152.5K
Year4,1,1,24Kto32K,3Kto4K,6Kto9K,91.5Kto122K
Year4,0,0,24Kto32K,3Kto4K,6Kto9K,91.5Kto122K
Year4,0,0,16Kto24K,2Kto3K,6Kto9K,91.5Kto122K
Year4,0,0,16Kto24K,2Kto3K,6Kto9K,61Kto91.5K
Year4,0,0,16Kto24K,2Kto3K,6Kto9K,91.5Kto122K
Year4,0,0,24Kto32K,3Kto4K,6Kto9K,91.5Kto122K
Year1,0,1,8Kto16K,2Kto3K,3Kto6K,61Kto91.5K
Year4,0,0,24Kto32K,4Kto5k,9Kto12K,91.5Kto122K
Year4,0,0,24Kto32K,3Kto4K,9Kto12K,122Kto152.5K
Year4,0,0,16Kto24K,3Kto4K,6Kto9K,91.5Kto122K
Year4,0,0,16Kto24K,2Kto3K,6Kto9K,61Kto91.5K
Year4,0,0,16Kto24K,2Kto3K,6Kto9K,61Kto91.5K
Year4,0,0,16Kto24K,2Kto3K,6Kto9K,61Kto91.5K
Year4,0,0,16Kto24K,3Kto4K,6Kto9K,91.5Kto122K
Year4,0,0,24Kto32K,3Kto4K,9Kto12K,91.5Kto122K
Year4,1,0,24Kto32K,3Kto4K,6Kto9K,91.5Kto122K
Year4,0,0,16Kto24K,3Kto4K,6Kto9K,91.5Kto122K
Year1,0,1,8Kto16K,2Kto3K,3Kto6K,61Kto91.5K
Year4,0,1,24Kto32K,3Kto4K,6Kto9K,91.5Kto122K
Year4,0,1,24Kto32K,3Kto4K,6Kto9K,91.5Kto122K
Year4,0,1,32Kto40K,4Kto5k,9Kto12K,122Kto152.5K
Year4,1,1,24Kto32K,2Kto3K,6Kto9K,91.5Kto122K
Year4,0,1,24Kto32K,3Kto4K,6Kto9K,91.5Kto122K
Year4,0,1,32Kto40K,3Kto4K,9Kto12K,122Kto152.5K
Year4,0,1,24Kto32K,2Kto3K,6Kto9K,91.5Kto122K
Year4,0,1,24Kto32K,2Kto3K,6Kto9K,91.5Kto122K
Year4,0,1,24Kto32K,2Kto3K,6Kto9K,91.5Kto122K
Year4,0,1,24Kto32K,2Kto3K,6Kto9K,91.5Kto122K
Year1,0,1,16Kto24K,2Kto3K,3Kto6K,61Kto91.5K
Year4,0,1,24Kto32K,3Kto4K,6Kto9K,91.5Kto122K
Year4,0,1,32Kto40K,3Kto4K,9Kto12K,122Kto152.5K
Year4,0,1,24Kto32K,3Kto4K,9Kto12K,122Kto152.5K
Year4,0,1,24Kto32K,2Kto3K,6Kto9K,91.5Kto122K
Year4,0,1,24Kto32K,2Kto3K,6Kto9K,91.5Kto122K
Year4,0,0,16Kto24K,3Kto4K,6Kto9K,91.5Kto122K
Year4,0,0,16Kto24K,2Kto3K,6Kto9K,61Kto91.5K
Year4,0,0,24Kto32K,3Kto4K,6Kto9K,91.5Kto122K
Year4,0,0,24Kto32K,3Kto4K,9Kto12K,91.5Kto122K
Year4,0,0,24Kto32K,3Kto4K,9Kto12K,91.5Kto122K
Year1,0,1,16Kto24K,3Kto4K,6Kto9K,61Kto91.5K
Year4,0,0,16Kto24K,2Kto3K,6Kto9K,91.5Kto122K
Year4,0,0,16Kto24K,2Kto3K,6Kto9K,61Kto91.5K
Year4,0,0,16Kto24K,2Kto3K,6Kto9K,61Kto91.5K
Year4,0,0,16Kto24K,2Kto3K,6Kto9K,61Kto91.5K
Year4,0,0,16Kto24K,3Kto4K,6Kto9K,91.5Kto122K
Year4,0,0,24Kto32K,3Kto4K,9Kto12K,91.5Kto122K
Year4,0,0,24Kto32K,3Kto4K,9Kto12K,91.5Kto122K
Year4,0,0,16Kto24K,2Kto3K,6Kto9K,91.5Kto122K
Year4,1,0,16Kto24K,2Kto3K,6Kto9K,61Kto91.5K
Year4,0,0,16Kto24K,2Kto3K,6Kto9K,61Kto91.5K
Year1,0,1,16Kto24K,3Kto4K,3Kto6K,61Kto91.5K
Year4,0,0,16Kto24K,3Kto4K,6Kto9K,61Kto91.5K
Year4,0,1,24Kto32K,4Kto5k,9Kto12K,91.5Kto122K
Year4,0,1,32Kto40K,4Kto5k,9Kto12K,122Kto152.5K
Year4,0,1,32Kto40K,3Kto4K,9Kto12K,122Kto152.5K
Year4,0,1,24Kto32K,3Kto4K,6Kto9K,91.5Kto122K
Year4,0,1,24Kto32K,2Kto3K,6Kto9K,91.5Kto122K
Year4,0,1,24Kto32K,2Kto3K,6Kto9K,91.5Kto122K
Year4,0,1,24Kto32K,2Kto3K,6Kto9K,91.5Kto122K
Year4,0,1,24Kto32K,3Kto4K,6Kto9K,91.5Kto122K
Year4,0,1,24Kto32K,3Kto4K,9Kto12K,122Kto152.5K
Year1,0,1,16Kto24K,2Kto3K,3Kto6K,61Kto91.5K
Year4,0,1,24Kto32K,3Kto4K,9Kto12K,91.5Kto122K
Year4,0,1,24Kto32K,2Kto3K,6Kto9K,91.5Kto122K
Year4,0,1,24Kto32K,3Kto4K,6Kto9K,91.5Kto122K
Year4,0,1,24Kto32K,2Kto3K,6Kto9K,91.5Kto122K
Year4,0,1,24Kto32K,2Kto3K,6Kto9K,91.5Kto122K
Year4,0,1,24Kto32K,3Kto4K,6Kto9K,91.5Kto122K
Year4,0,0,24Kto32K,3Kto4K,9Kto12K,122Kto152.5K
Year4,0,0,32Kto40K,3Kto4K,9Kto12K,122Kto152.5K
Year4,0,0,24Kto32K,2Kto3K,6Kto9K,91.5Kto122K
Year4,0,0,16Kto24K,2Kto3K,6Kto9K,61Kto91.5K
Year1,0,1,16Kto24K,2Kto3K,3Kto6K,61Kto91.5K
Year1,0,1,16Kto24K,2Kto3K,3Kto6K,61Kto91.5K
Year4,0,0,16Kto24K,2Kto3K,6Kto9K,61Kto91.5K
Year4,0,0,16Kto24K,2Kto3K,6Kto9K,91.5Kto122K
Year4,0,0,24Kto32K,3Kto4K,6Kto9K,91.5Kto122K
Year4,0,0,24Kto32K,3Kto4K,9Kto12K,122Kto152.5K
Year4,0,0,32Kto40K,3Kto4K,9Kto12K,122Kto152.5K
Year4,0,0,16Kto24K,2Kto3K,6Kto9K,91.5Kto122K
Year4,0,0,16Kto24K,2Kto3K,6Kto9K,61Kto91.5K
Year4,0,0,16Kto24K,2Kto3K,6Kto9K,61Kto91.5K
Year4,0,0,16Kto24K,2Kto3K,6Kto9K,61Kto91.5K
Year4,0,0,24Kto32K,3Kto4K,9Kto12K,91.5Kto122K
Year1,0,1,16Kto24K,2Kto3K,3Kto6K,61Kto91.5K
Year4,0,0,24Kto32K,3Kto4K,9Kto12K,122Kto152.5K
Year4,0,0,24Kto32K,3Kto4K,9Kto12K,91.5Kto122K
Year4,1,1,24Kto32K,3Kto4K,9Kto12K,122Kto152.5K
Year4,0,1,16Kto24K,2Kto3K,6Kto9K,91.5Kto122K
Year4,0,1,24Kto32K,2Kto3K,6Kto9K,91.5Kto122K
Year4,0,1,16Kto24K,2Kto3K,6Kto9K,61Kto91.5K
Year4,0,1,24Kto32K,3Kto4K,6Kto9K,91.5Kto122K
Year4,0,1,32Kto40K,3Kto4K,9Kto12K,122Kto152.5K
Year4,0,1,32Kto40K,3Kto4K,9Kto12K,122Kto152.5K
Year4,0,1,24Kto32K,2Kto3K,6Kto9K,91.5Kto122K
Year1,0,1,16Kto24K,2Kto3K,3Kto6K,61Kto91.5K
Year4,0,1,24Kto32K,2Kto3K,6Kto9K,91.5Kto122K
Year4,0,1,16Kto24K,2Kto3K,6Kto9K,91.5Kto122K
Year4,0,1,24Kto32K,2Kto3K,6Kto9K,91.5Kto122K
Year4,0,1,24Kto32K,3Kto4K,6Kto9K,91.5Kto122K
Year4,0,1,32Kto40K,3Kto4K,9Kto12K,122Kto152.5K
Year4,0,1,24Kto32K,3Kto4K,9Kto12K,122Kto152.5K
Year4,0,1,24Kto32K,2Kto3K,6Kto9K,91.5Kto122K
Year4,0,0,16Kto24K,2Kto3K,6Kto9K,61Kto91.5K
Year4,0,0,16Kto24K,2Kto3K,6Kto9K,61Kto91.5K
Year4,0,0,16Kto24K,2Kto3K,6Kto9K,61Kto91.5K
Year1,0,1,16Kto24K,3Kto4K,3Kto6K,61Kto91.5K
Year4,0,0,16Kto24K,3Kto4K,6Kto9K,91.5Kto122K
Year4,0,0,24Kto32K,3Kto4K,9Kto12K,122Kto152.5K
Year4,0,0,24Kto32K,3Kto4K,9Kto12K,122Kto152.5K
Year4,0,0,16Kto24K,2Kto3K,6Kto9K,91.5Kto122K
Year4,0,0,16Kto24K,2Kto3K,6Kto9K,61Kto91.5K
Year4,0,0,16Kto24K,2Kto3K,6Kto9K,61Kto91.5K
Year4,0,0,16Kto24K,2Kto3K,6Kto9K,61Kto91.5K
Year4,0,0,16Kto24K,2Kto3K,6Kto9K,91.5Kto122K
Year4,0,0,24Kto32K,3Kto4K,9Kto12K,91.5Kto122K
Year4,0,0,24Kto32K,3Kto4K,9Kto12K,122Kto152.5K
Year1,0,1,16Kto24K,3Kto4K,3Kto6K,61Kto91.5K
Year4,0,0,16Kto24K,2Kto3K,6Kto9K,91.5Kto122K
Year4,0,0,16Kto24K,2Kto3K,6Kto9K,61Kto91.5K
Year4,0,1,16Kto24K,3Kto4K,6Kto9K,91.5Kto122K
Year4,0,1,16Kto24K,2Kto3K,6Kto9K,91.5Kto122K
Year4,0,1,24Kto32K,3Kto4K,9Kto12K,122Kto152.5K
Year4,1,1,24Kto32K,4Kto5k,9Kto12K,122Kto152.5K
Year4,0,1,32Kto40K,3Kto4K,9Kto12K,122Kto152.5K
Year4,0,1,24Kto32K,3Kto4K,6Kto9K,91.5Kto122K
Year4,0,1,16Kto24K,2Kto3K,6Kto9K,91.5Kto122K
Year4,0,1,16Kto24K,3Kto4K,6Kto9K,91.5Kto122K
Year1,1,1,16Kto24K,2Kto3K,3Kto6K,61Kto91.5K
Year4,0,1,16Kto24K,2Kto3K,6Kto9K,91.5Kto122K
Year4,0,1,16Kto24K,3Kto4K,6Kto9K,91.5Kto122K
Year4,0,1,24Kto32K,3Kto4K,9Kto12K,122Kto152.5K
Year4,0,1,32Kto40K,3Kto4K,9Kto12K,122Kto152.5K
Year4,1,1,16Kto24K,2Kto3K,6Kto9K,91.5Kto122K
Year4,0,1,16Kto24K,2Kto3K,6Kto9K,91.5Kto122K
Year4,0,1,16Kto24K,3Kto4K,6Kto9K,91.5Kto122K
Year4,0,0,16Kto24K,3Kto4K,6Kto9K,91.5Kto122K
Year4,0,0,16Kto24K,3Kto4K,6Kto9K,91.5Kto122K
Year4,0,0,24Kto32K,4Kto5k,9Kto12K,122Kto152.5K
Year1,0,1,16Kto24K,2Kto3K,3Kto6K,61Kto91.5K
Year4,0,0,24Kto32K,3Kto4K,9Kto12K,122Kto152.5K
Year4,0,0,16Kto24K,3Kto4K,6Kto9K,91.5Kto122K
Year4,0,0,16Kto24K,3Kto4K,6Kto9K,61Kto91.5K
Year4,0,0,16Kto24K,3Kto4K,6Kto9K,61Kto91.5K
Year4,0,0,16Kto24K,2Kto3K,6Kto9K,61Kto91.5K
Year4,0,0,16Kto24K,3Kto4K,6Kto9K,91.5Kto122K
Year4,0,0,24Kto32K,4Kto5k,9Kto12K,122Kto152.5K
Year4,0,0,24Kto32K,3Kto4K,9Kto12K,122Kto152.5K
Year4,0,0,16Kto24K,3Kto4K,6Kto9K,91.5Kto122K
Year4,0,0,16Kto24K,3Kto4K,6Kto9K,61Kto91.5K
Year1,0,1,16Kto24K,2Kto3K,3Kto6K,61Kto91.5K
Year4,0,0,16Kto24K,3Kto4K,6Kto9K,61Kto91.5K
Year4,0,0,16Kto24K,3Kto4K,6Kto9K,91.5Kto122K
Year4,1,0,16Kto24K,3Kto4K,6Kto9K,91.5Kto122K
Year4,0,1,24Kto32K,4Kto5k,9Kto12K,122Kto152.5K
Year4,0,1,24Kto32K,3Kto4K,9Kto12K,122Kto152.5K
Year4,0,1,24Kto32K,3Kto4K,6Kto9K,91.5Kto122K
Year4,0,1,16Kto24K,3Kto4K,6Kto9K,91.5Kto122K
Year4,0,1,16Kto24K,2Kto3K,6Kto9K,91.5Kto122K
Year4,0,1,16Kto24K,2Kto3K,6Kto9K,91.5Kto122K
Year4,0,1,16Kto24K,3Kto4K,6Kto9K,91.5Kto122K
Year1,0,1,16Kto24K,2Kto3K,3Kto6K,61Kto91.5K
Year4,0,1,24Kto32K,3Kto4K,9Kto12K,122Kto152.5K
Year4,0,1,32Kto40K,3Kto4K,9Kto12K,122Kto152.5K
Year4,0,1,16Kto24K,2Kto3K,6Kto9K,91.5Kto122K
Year4,1,1,16Kto24K,3Kto4K,6Kto9K,91.5Kto122K
Year4,0,1,16Kto24K,2Kto3K,3Kto6K,61Kto91.5K
Year4,0,1,16Kto24K,2Kto3K,3Kto6K,61Kto91.5K
Year4,0,1,24Kto32K,3Kto4K,6Kto9K,91.5Kto122K
Year4,0,1,24Kto32K,4Kto5k,9Kto12K,122Kto152.5K
Year4,0,0,24Kto32K,3Kto4K,9Kto12K,122Kto152.5K
Year4,0,0,16Kto24K,3Kto4K,6Kto9K,91.5Kto122K
Year1,0,0,8Kto16K,2Kto3K,3Kto6K,61Kto91.5K
Year4,0,0,16Kto24K,2Kto3K,6Kto9K,61Kto91.5K
Year4,0,0,16Kto24K,3Kto4K,6Kto9K,61Kto91.5K
Year4,0,0,16Kto24K,2Kto3K,6Kto9K,61Kto91.5K
Year4,0,0,16Kto24K,3Kto4K,6Kto9K,91.5Kto122K
Year4,0,0,24Kto32K,4Kto5k,9Kto12K,122Kto152.5K
Year4,0,0,24Kto32K,3Kto4K,9Kto12K,122Kto152.5K
Year4,0,0,16Kto24K,2Kto3K,6Kto9K,91.5Kto122K
Year4,0,0,16Kto24K,3Kto4K,6Kto9K,91.5Kto122K
Year4,0,0,24Kto32K,3Kto4K,6Kto9K,91.5Kto122K
Year4,1,0,16Kto24K,1Kto2K,3Kto6K,61Kto91.5K
Year1,0,1,16Kto24K,2Kto3K,3Kto6K,61Kto91.5K
Year1,0,0,16Kto24K,2Kto3K,3Kto6K,61Kto91.5K
Year4,0,0,16Kto24K,2Kto3K,6Kto9K,61Kto91.5K
Year4,0,0,16Kto24K,3Kto4K,6Kto9K,91.5Kto122K
Year4,0,0,24Kto32K,3Kto4K,6Kto9K,91.5Kto122K
Year4,0,1,16Kto24K,3Kto4K,6Kto9K,91.5Kto122K
Year4,0,1,16Kto24K,3Kto4K,6Kto9K,91.5Kto122K
Year4,0,1,16Kto24K,3Kto4K,6Kto9K,91.5Kto122K
Year4,0,1,16Kto24K,3Kto4K,6Kto9K,91.5Kto122K
Year4,0,1,24Kto32K,3Kto4K,6Kto9K,91.5Kto122K
Year4,0,1,24Kto32K,4Kto5k,9Kto12K,122Kto152.5K
Year4,0,1,24Kto32K,4Kto5k,9Kto12K,122Kto152.5K
Year1,0,0,16Kto24K,3Kto4K,3Kto6K,61Kto91.5K
Year4,0,1,16Kto24K,2Kto3K,6Kto9K,91.5Kto122K
Year4,0,1,16Kto24K,3Kto4K,6Kto9K,91.5Kto122K
Year4,0,1,16Kto24K,3Kto4K,6Kto9K,91.5Kto122K
Year4,0,1,16Kto24K,2Kto3K,3Kto6K,61Kto91.5K
Year4,0,1,16Kto24K,3Kto4K,6Kto9K,91.5Kto122K
Year4,0,1,24Kto32K,4Kto5k,9Kto12K,122Kto152.5K
Year4,0,1,24Kto32K,3Kto4K,9Kto12K,122Kto152.5K
Year4,0,1,24Kto32K,3Kto4K,6Kto9K,91.5Kto122K
Year4,0,0,16Kto24K,3Kto4K,6Kto9K,91.5Kto122K
Year4,0,0,16Kto24K,3Kto4K,6Kto9K,91.5Kto122K
Year1,1,0,16Kto24K,2Kto3K,3Kto6K,61Kto91.5K
Year4,0,0,16Kto24K,3Kto4K,6Kto9K,91.5Kto122K
Year4,0,0,16Kto24K,3Kto4K,6Kto9K,91.5Kto122K
Year4,0,0,24Kto32K,4Kto5k,6Kto9K,122Kto152.5K
Year4,0,0,24Kto32K,3Kto4K,6Kto9K,91.5Kto122K
Year4,0,0,16Kto24K,3Kto4K,6Kto9K,91.5Kto122K
Year4,0,0,16Kto24K,3Kto4K,6Kto9K,91.5Kto122K
Year4,1,0,16Kto24K,2Kto3K,3Kto6K,61Kto91.5K
Year4,1,0,0Kto8K,,,0Kto30.5K
Year4,0,0,16Kto24K,3Kto4K,6Kto9K,91.5Kto122K
Year4,0,0,16Kto24K,3Kto4K,6Kto9K,91.5Kto122K
Year1,0,0,16Kto24K,2Kto3K,3Kto6K,61Kto91.5K
Year4,0,0,16Kto24K,3Kto4K,6Kto9K,91.5Kto122K
Year4,0,0,16Kto24K,3Kto4K,6Kto9K,91.5Kto122K
Year4,0,0,16Kto24K,2Kto3K,6Kto9K,91.5Kto122K
Year4,0,0,16Kto24K,3Kto4K,6Kto9K,91.5Kto122K
Year4,1,1,16Kto24K,2Kto3K,6Kto9K,61Kto91.5K
Year4,0,1,24Kto32K,4Kto5k,9Kto12K,122Kto152.5K
Year4,0,1,24Kto32K,3Kto4K,9Kto12K,122Kto152.5K
Year4,0,1,24Kto32K,3Kto4K,6Kto9K,122Kto152.5K
Year4,0,1,24Kto32K,3Kto4K,6Kto9K,91.5Kto122K
Year4,0,1,24Kto32K,2Kto3K,3Kto6K,91.5Kto122K
Year1,0,0,8Kto16K,2Kto3K,3Kto6K,30.5Kto61K
Year4,1,1,16Kto24K,2Kto3K,3Kto6K,61Kto91.5K
Year4,0,1,16Kto24K,2Kto3K,3Kto6K,61Kto91.5K
Year4,0,1,24Kto32K,3Kto4K,6Kto9K,91.5Kto122K
Year4,0,1,24Kto32K,4Kto5k,9Kto12K,122Kto152.5K
Year4,0,1,24Kto32K,3Kto4K,9Kto12K,122Kto152.5K
Year4,0,1,24Kto32K,2Kto3K,6Kto9K,91.5Kto122K
Year4,0,1,16Kto24K,2Kto3K,6Kto9K,61Kto91.5K
Year4,0,1,16Kto24K,2Kto3K,6Kto9K,91.5Kto122K
Year4,0,1,16Kto24K,2Kto3K,6Kto9K,91.5Kto122K
Year4,0,0,16Kto24K,3Kto4K,6Kto9K,91.5Kto122K
Year1,0,0,8Kto16K,2Kto3K,3Kto6K,30.5Kto61K
Year4,0,0,24Kto32K,4Kto5k,9Kto12K,122Kto152.5K
Year4,0,0,24Kto32K,3Kto4K,9Kto12K,122Kto152.5K
Year4,1,0,16Kto24K,3Kto4K,6Kto9K,91.5Kto122K
Year4,0,0,16Kto24K,2Kto3K,6Kto9K,61Kto91.5K
Year4,0,0,16Kto24K,2Kto3K,6Kto9K,61Kto91.5K
Year4,0,0,16Kto24K,2Kto3K,3Kto6K,61Kto91.5K
Year4,0,0,16Kto24K,3Kto4K,6Kto9K,91.5Kto122K
Year4,0,0,24Kto32K,4Kto5k,9Kto12K,122Kto152.5K
Year4,0,0,24Kto32K,4Kto5k,9Kto12K,122Kto152.5K
Year4,0,0,16Kto24K,3Kto4K,6Kto9K,61Kto91.5K
Year1,0,0,8Kto16K,2Kto3K,3Kto6K,61Kto91.5K
Year4,0,0,16Kto24K,2Kto3K,6Kto9K,61Kto91.5K
Year5,0,0,16Kto24K,2Kto3K,6Kto9K,61Kto91.5K
Year5,0,0,16Kto24K,3Kto4K,6Kto9K,61Kto91.5K
Year5,0,0,16Kto24K,4Kto5k,9Kto12K,91.5Kto122K
Year5,0,0,32Kto40K,5Kto6K,12Kto15K,122Kto152.5K
Year5,1,1,24Kto32K,3Kto4K,9Kto12K,91.5Kto122K
Year5,0,1,16Kto24K,3Kto4K,6Kto9K,91.5Kto122K
Year5,0,1,24Kto32K,3Kto4K,6Kto9K,91.5Kto122K
Year5,0,1,16Kto24K,3Kto4K,6Kto9K,91.5Kto122K
Year5,0,1,16Kto24K,3Kto4K,6Kto9K,91.5Kto122K
Year1,0,0,16Kto24K,3Kto4K,3Kto6K,61Kto91.5K
Year5,0,1,24Kto32K,3Kto4K,6Kto9K,91.5Kto122K
Year5,0,1,32Kto40K,4Kto5k,12Kto15K,122Kto152.5K
Year5,0,1,32Kto40K,3Kto4K,9Kto12K,152.5Kto183K
Year5,0,1,24Kto32K,3Kto4K,6Kto9K,91.5Kto122K
Year5,0,1,16Kto24K,3Kto4K,6Kto9K,91.5Kto122K
Year5,0,1,24Kto32K,3Kto4K,6Kto9K,91.5Kto122K
Year5,0,1,24Kto32K,3Kto4K,6Kto9K,91.5Kto122K
Year5,0,1,24Kto32K,3Kto4K,6Kto9K,91.5Kto122K
Year5,1,1,24Kto32K,4Kto5k,9Kto12K,122Kto152.5K
Year5,0,1,24Kto32K,4Kto5k,9Kto12K,122Kto152.5K
Year1,0,0,16Kto24K,3Kto4K,3Kto6K,61Kto91.5K
Year5,1,0,16Kto24K,3Kto4K,9Kto12K,91.5Kto122K
Year5,0,0,16Kto24K,3Kto4K,6Kto9K,91.5Kto122K
Year5,1,0,16Kto24K,3Kto4K,6Kto9K,61Kto91.5K
Year5,0,0,16Kto24K,3Kto4K,6Kto9K,61Kto91.5K
Year5,0,0,16Kto24K,3Kto4K,6Kto9K,91.5Kto122K
Year5,0,0,24Kto32K,4Kto5k,9Kto12K,122Kto152.5K
Year5,0,0,24Kto32K,4Kto5k,12Kto15K,122Kto152.5K
Year5,0,0,16Kto24K,3Kto4K,6Kto9K,91.5Kto122K
Year5,0,0,16Kto24K,3Kto4K,6Kto9K,91.5Kto122K
Year5,1,0,16Kto24K,3Kto4K,6Kto9K,61Kto91.5K
Year1,0,0,16Kto24K,3Kto4K,3Kto6K,61Kto91.5K
Year5,0,0,16Kto24K,3Kto4K,6Kto9K,91.5Kto122K
Year5,0,0,16Kto24K,4Kto5k,9Kto12K,91.5Kto122K
Year5,0,0,24Kto32K,4Kto5k,12Kto15K,122Kto152.5K
Year5,0,1,24Kto32K,4Kto5k,9Kto12K,122Kto152.5K
Year5,0,1,16Kto24K,3Kto4K,6Kto9K,91.5Kto122K
Year5,0,1,16Kto24K,3Kto4K,6Kto9K,91.5Kto122K
Year5,0,1,16Kto24K,3Kto4K,6Kto9K,91.5Kto122K
Year5,1,1,16Kto24K,3Kto4K,6Kto9K,91.5Kto122K
Year5,0,1,24Kto32K,3Kto4K,6Kto9K,91.5Kto122K
Year5,0,1,24Kto32K,4Kto5k,9Kto12K,122Kto152.5K
Year1,0,1,24Kto32K,3Kto4K,3Kto6K,91.5Kto122K
Year1,0,0,8Kto16K,2Kto3K,3Kto6K,61Kto91.5K
Year5,0,1,24Kto32K,4Kto5k,9Kto12K,122Kto152.5K
Year5,0,1,24Kto32K,3Kto4K,6Kto9K,91.5Kto122K
Year5,0,1,16Kto24K,3Kto4K,9Kto12K,91.5Kto122K
Year5,0,1,16Kto24K,3Kto4K,6Kto9K,91.5Kto122K
Year5,0,1,16Kto24K,3Kto4K,6Kto9K,91.5Kto122K
Year5,0,1,16Kto24K,3Kto4K,9Kto12K,91.5Kto122K
Year5,0,1,24Kto32K,4Kto5k,9Kto12K,122Kto152.5K
Year5,0,1,32Kto40K,4Kto5k,12Kto15K,152.5Kto183K
Year5,0,0,16Kto24K,3Kto4K,6Kto9K,91.5Kto122K
Year5,1,0,16Kto24K,3Kto4K,6Kto9K,91.5Kto122K
Year1,0,0,8Kto16K,2Kto3K,3Kto6K,30.5Kto61K
Year5,0,0,16Kto24K,3Kto4K,6Kto9K,91.5Kto122K
Year5,0,0,16Kto24K,3Kto4K,6Kto9K,91.5Kto122K
Year5,0,0,16Kto24K,3Kto4K,6Kto9K,91.5Kto122K
Year5,0,0,24Kto32K,4Kto5k,9Kto12K,122Kto152.5K
Year5,0,0,24Kto32K,4Kto5k,9Kto12K,122Kto152.5K
Year5,0,0,16Kto24K,3Kto4K,6Kto9K,91.5Kto122K
Year5,0,0,16Kto24K,3Kto4K,6Kto9K,61Kto91.5K
Year5,0,0,16Kto24K,3Kto4K,6Kto9K,91.5Kto122K
Year5,0,0,16Kto24K,3Kto4K,6Kto9K,91.5Kto122K
Year5,0,0,16Kto24K,3Kto4K,6Kto9K,91.5Kto122K
Year1,0,0,8Kto16K,2Kto3K,3Kto6K,30.5Kto61K
Year5,0,0,24Kto32K,4Kto5k,9Kto12K,122Kto152.5K
Year5,0,0,24Kto32K,4Kto5k,9Kto12K,122Kto152.5K
Year5,0,0,16Kto24K,3Kto4K,6Kto9K,91.5Kto122K
Year5,0,0,16Kto24K,3Kto4K,6Kto9K,91.5Kto122K
Year5,0,1,16Kto24K,3Kto4K,9Kto12K,91.5Kto122K
Year5,0,1,16Kto24K,3Kto4K,6Kto9K,91.5Kto122K
Year5,0,1,24Kto32K,4Kto5k,9Kto12K,122Kto152.5K
Year5,0,1,32Kto40K,4Kto5k,9Kto12K,122Kto152.5K
Year5,1,1,24Kto32K,3Kto4K,9Kto12K,122Kto152.5K
Year5,0,1,16Kto24K,3Kto4K,6Kto9K,91.5Kto122K
Year1,0,0,8Kto16K,2Kto3K,3Kto6K,30.5Kto61K
Year5,0,1,16Kto24K,3Kto4K,6Kto9K,91.5Kto122K
Year5,0,1,16Kto24K,3Kto4K,6Kto9K,91.5Kto122K
Year5,0,1,16Kto24K,3Kto4K,6Kto9K,91.5Kto122K
Year5,0,1,16Kto24K,3Kto4K,9Kto12K,91.5Kto122K
Year5,1,1,24Kto32K,4Kto5k,12Kto15K,122Kto152.5K
Year5,1,1,24Kto32K,4Kto5k,9Kto12K,122Kto152.5K
Year5,0,1,16Kto24K,3Kto4K,6Kto9K,91.5Kto122K
Year5,0,1,16Kto24K,3Kto4K,6Kto9K,91.5Kto122K
Year5,0,1,16Kto24K,3Kto4K,6Kto9K,91.5Kto122K
Year5,0,0,16Kto24K,2Kto3K,6Kto9K,91.5Kto122K
Year1,0,1,16Kto24K,3Kto4K,3Kto6K,61Kto91.5K
Year5,0,0,16Kto24K,2Kto3K,6Kto9K,91.5Kto122K
Year5,0,0,24Kto32K,4Kto5k,9Kto12K,122Kto152.5K
Year5,0,0,24Kto32K,4Kto5k,9Kto12K,122Kto152.5K
Year5,0,0,16Kto24K,3Kto4K,6Kto9K,91.5Kto122K
Year5,0,0,16Kto24K,3Kto4K,6Kto9K,91.5Kto122K
Year5,0,0,16Kto24K,3Kto4K,6Kto9K,91.5Kto122K
Year5,0,0,16Kto24K,3Kto4K,6Kto9K,91.5Kto122K
Year5,0,0,16Kto24K,4Kto5k,6Kto9K,91.5Kto122K
Year5,0,0,24Kto32K,4Kto5k,9Kto12K,122Kto152.5K
Year5,0,0,24Kto32K,4Kto5k,9Kto12K,122Kto152.5K
Year1,0,1,16Kto24K,3Kto4K,3Kto6K,61Kto91.5K
Year5,0,0,16Kto24K,3Kto4K,6Kto9K,91.5Kto122K
Year5,0,0,16Kto24K,3Kto4K,6Kto9K,91.5Kto122K
Year5,0,0,16Kto24K,3Kto4K,6Kto9K,61Kto91.5K
Year5,0,0,16Kto24K,3Kto4K,6Kto9K,91.5Kto122K
Year5,0,1,24Kto32K,4Kto5k,9Kto12K,122Kto152.5K
Year5,0,1,24Kto32K,4Kto5k,9Kto12K,122Kto152.5K
Year5,0,1,32Kto40K,4Kto5k,9Kto12K,152.5Kto183K
Year5,0,1,24Kto32K,3Kto4K,9Kto12K,91.5Kto122K
Year5,1,1,16Kto24K,3Kto4K,6Kto9K,91.5Kto122K
Year5,0,1,16Kto24K,3Kto4K,6Kto9K,91.5Kto122K
Year1,0,1,16Kto24K,2Kto3K,3Kto6K,61Kto91.5K
Year5,0,1,16Kto24K,3Kto4K,6Kto9K,91.5Kto122K
Year5,0,1,24Kto32K,4Kto5k,6Kto9K,91.5Kto122K
Year5,0,1,24Kto32K,4Kto5k,9Kto12K,122Kto152.5K
Year5,1,1,24Kto32K,3Kto4K,6Kto9K,91.5Kto122K
Year5,0,1,24Kto32K,3Kto4K,6Kto9K,91.5Kto122K
Year5,0,1,16Kto24K,3Kto4K,6Kto9K,91.5Kto122K
Year5,0,1,16Kto24K,3Kto4K,6Kto9K,91.5Kto122K
Year5,0,1,16Kto24K,3Kto4K,6Kto9K,91.5Kto122K
Year5,0,1,24Kto32K,3Kto4K,9Kto12K,91.5Kto122K
Year5,0,0,24Kto32K,4Kto5k,12Kto15K,122Kto152.5K
Year1,1,1,16Kto24K,2Kto3K,3Kto6K,61Kto91.5K
Year5,0,0,24Kto32K,4Kto5k,9Kto12K,122Kto152.5K
Year5,0,0,16Kto24K,3Kto4K,6Kto9K,91.5Kto122K
Year5,0,0,16Kto24K,3Kto4K,6Kto9K,91.5Kto122K
Year5,0,0,16Kto24K,3Kto4K,6Kto9K,91.5Kto122K
Year5,0,0,16Kto24K,3Kto4K,6Kto9K,91.5Kto122K
Year5,0,0,16Kto24K,4Kto5k,9Kto12K,91.5Kto122K
Year5,0,0,24Kto32K,4Kto5k,9Kto12K,122Kto152.5K
Year5,0,0,16Kto24K,3Kto4K,9Kto12K,91.5Kto122K
Year5,1,0,24Kto32K,3Kto4K,9Kto12K,91.5Kto122K
Year5,0,0,16Kto24K,3Kto4K,6Kto9K,91.5Kto122K
Year1,0,1,16Kto24K,2Kto3K,3Kto6K,61Kto91.5K
Year5,0,0,16Kto24K,3Kto4K,6Kto9K,91.5Kto122K
Year5,0,0,16Kto24K,3Kto4K,6Kto9K,91.5Kto122K
Year5,0,0,16Kto24K,3Kto4K,9Kto12K,91.5Kto122K
Year5,0,0,24Kto32K,4Kto5k,9Kto12K,122Kto152.5K
Year5,0,0,24Kto32K,4Kto5k,12Kto15K,122Kto152.5K
Year5,0,1,16Kto24K,4Kto5k,9Kto12K,91.5Kto122K
Year5,0,1,24Kto32K,3Kto4K,9Kto12K,91.5Kto122K
Year5,0,1,24Kto32K,3Kto4K,9Kto12K,91.5Kto122K
Year5,1,1,16Kto24K,3Kto4K,6Kto9K,91.5Kto122K
Year5,0,1,24Kto32K,3Kto4K,9Kto12K,91.5Kto122K
Year1,0,1,16Kto24K,2Kto3K,3Kto6K,61Kto91.5K
Year5,0,1,24Kto32K,4Kto5k,9Kto12K,122Kto152.5K
Year5,0,1,32Kto40K,4Kto5k,9Kto12K,122Kto152.5K
Year5,0,1,24Kto32K,3Kto4K,6Kto9K,91.5Kto122K
Year5,0,1,24Kto32K,3Kto4K,6Kto9K,91.5Kto122K
Year5,0,1,16Kto24K,3Kto4K,6Kto9K,91.5Kto122K
Year5,0,1,24Kto32K,3Kto4K,6Kto9K,91.5Kto122K
Year5,0,1,24Kto32K,3Kto4K,9Kto12K,91.5Kto122K
Year5,0,1,24Kto32K,4Kto5k,9Kto12K,122Kto152.5K
Year5,0,1,32Kto40K,4Kto5k,9Kto12K,122Kto152.5K
Year5,0,1,32Kto40K,3Kto4K,9Kto12K,122Kto152.5K
Year1,0,1,24Kto32K,3Kto4K,6Kto9K,91.5Kto122K
Year1,0,1,16Kto24K,2Kto3K,3Kto6K,61Kto91.5K
Year5,1,0,16Kto24K,2Kto3K,6Kto9K,91.5Kto122K
Year5,0,0,16Kto24K,3Kto4K,6Kto9K,91.5Kto122K
Year5,1,0,16Kto24K,3Kto4K,6Kto9K,91.5Kto122K
Year5,0,0,24Kto32K,3Kto4K,9Kto12K,91.5Kto122K
Year5,0,0,24Kto32K,4Kto5k,9Kto12K,122Kto152.5K
Year5,1,0,24Kto32K,4Kto5k,9Kto12K,91.5Kto122K
Year5,0,0,16Kto24K,3Kto4K,6Kto9K,91.5Kto122K
Year5,0,0,16Kto24K,3Kto4K,6Kto9K,91.5Kto122K
Year5,0,0,16Kto24K,3Kto4K,6Kto9K,91.5Kto122K
Year5,0,0,16Kto24K,3Kto4K,6Kto9K,91.5Kto122K
Year1,0,1,16Kto24K,2Kto3K,3Kto6K,61Kto91.5K
Year5,0,0,16Kto24K,3Kto4K,9Kto12K,91.5Kto122K
Year5,0,0,24Kto32K,4Kto5k,9Kto12K,122Kto152.5K
Year5,0,0,24Kto32K,4Kto5k,9Kto12K,122Kto152.5K
Year5,0,0,16Kto24K,3Kto4K,6Kto9K,91.5Kto122K
Year5,0,0,16Kto24K,3Kto4K,6Kto9K,91.5Kto122K
Year5,0,1,16Kto24K,4Kto5k,9Kto12K,91.5Kto122K
Year5,0,1,24Kto32K,3Kto4K,9Kto12K,122Kto152.5K
Year5,0,1,32Kto40K,5Kto6K,12Kto15K,152.5Kto183K
Year5,1,1,24Kto32K,3Kto4K,6Kto9K,91.5Kto122K
Year5,0,1,24Kto32K,3Kto4K,9Kto12K,122Kto152.5K
Year1,0,1,16Kto24K,3Kto4K,6Kto9K,61Kto91.5K
Year5,0,1,24Kto32K,3Kto4K,9Kto12K,122Kto152.5K
Year5,0,1,24Kto32K,3Kto4K,6Kto9K,91.5Kto122K
Year5,0,1,24Kto32K,3Kto4K,6Kto9K,91.5Kto122K
Year5,0,1,24Kto32K,3Kto4K,6Kto9K,91.5Kto122K
Year5,0,1,24Kto32K,3Kto4K,9Kto12K,91.5Kto122K
Year5,0,1,24Kto32K,4Kto5k,9Kto12K,122Kto152.5K
Year5,0,1,32Kto40K,4Kto5k,9Kto12K,122Kto152.5K
Year5,0,1,24Kto32K,3Kto4K,9Kto12K,91.5Kto122K
Year5,0,1,24Kto32K,3Kto4K,6Kto9K,91.5Kto122K
Year5,0,1,24Kto32K,3Kto4K,6Kto9K,91.5Kto122K
Year1,0,1,16Kto24K,3Kto4K,6Kto9K,61Kto91.5K
Year5,0,0,24Kto32K,3Kto4K,9Kto12K,91.5Kto122K
Year5,0,0,24Kto32K,4Kto5k,9Kto12K,91.5Kto122K
Year5,1,0,24Kto32K,4Kto5k,9Kto12K,122Kto152.5K
Year5,0,0,24Kto32K,4Kto5k,12Kto15K,122Kto152.5K
Year5,0,0,24Kto32K,3Kto4K,9Kto12K,91.5Kto122K
Year5,0,0,16Kto24K,3Kto4K,6Kto9K,91.5Kto122K
Year5,0,0,16Kto24K,3Kto4K,6Kto9K,91.5Kto122K
Year5,0,0,16Kto24K,3Kto4K,6Kto9K,91.5Kto122K
Year5,0,0,24Kto32K,3Kto4K,9Kto12K,91.5Kto122K
Year5,0,0,24Kto32K,4Kto5k,9Kto12K,122Kto152.5K
Year1,0,1,16Kto24K,2Kto3K,3Kto6K,61Kto91.5K
Year5,0,0,24Kto32K,4Kto5k,9Kto12K,122Kto152.5K
Year5,0,0,16Kto24K,3Kto4K,9Kto12K,91.5Kto122K
Year5,0,0,16Kto24K,3Kto4K,6Kto9K,91.5Kto122K
Year5,0,0,16Kto24K,3Kto4K,6Kto9K,91.5Kto122K
Year5,0,0,16Kto24K,3Kto4K,6Kto9K,91.5Kto122K
Year5,0,0,24Kto32K,4Kto5k,9Kto12K,122Kto152.5K
Year5,0,1,24Kto32K,4Kto5k,12Kto15K,122Kto152.5K
Year5,0,1,32Kto40K,4Kto5k,12Kto15K,152.5Kto183K
Year5,0,1,24Kto32K,4Kto5k,9Kto12K,122Kto152.5K
Year5,0,1,24Kto32K,3Kto4K,9Kto12K,91.5Kto122K
Year1,0,1,16Kto24K,2Kto3K,3Kto6K,61Kto91.5K
Year5,0,1,24Kto32K,3Kto4K,6Kto9K,91.5Kto122K
Year5,0,1,24Kto32K,3Kto4K,6Kto9K,91.5Kto122K
Year5,0,1,24Kto32K,3Kto4K,9Kto12K,122Kto152.5K
Year5,0,1,24Kto32K,4Kto5k,12Kto15K,122Kto152.5K
Year5,0,1,32Kto40K,4Kto5k,12Kto15K,152.5Kto183K
Year5,0,1,24Kto32K,3Kto4K,9Kto12K,91.5Kto122K
Year5,0,1,24Kto32K,3Kto4K,6Kto9K,91.5Kto122K
Year5,0,1,24Kto32K,3Kto4K,6Kto9K,91.5Kto122K
Year5,0,1,16Kto24K,3Kto4K,6Kto9K,91.5Kto122K
Year5,0,1,24Kto32K,3Kto4K,9Kto12K,91.5Kto122K
Year1,0,1,16Kto24K,2Kto3K,3Kto6K,61Kto91.5K
Year5,0,1,24Kto32K,4Kto5k,12Kto15K,122Kto152.5K
Year5,0,0,32Kto40K,4Kto5k,12Kto15K,152.5Kto183K
Year5,0,0,24Kto32K,3Kto4K,9Kto12K,91.5Kto122K
Year5,0,0,16Kto24K,3Kto4K,9Kto12K,91.5Kto122K
Year5,0,0,16Kto24K,3Kto4K,6Kto9K,91.5Kto122K
Year5,0,0,16Kto24K,3Kto4K,6Kto9K,91.5Kto122K
Year5,0,0,16Kto24K,3Kto4K,9Kto12K,91.5Kto122K
Year5,0,0,24Kto32K,4Kto5k,12Kto15K,122Kto152.5K
Year5,0,0,24Kto32K,4Kto5k,12Kto15K,122Kto152.5K
Year5,0,0,16Kto24K,3Kto4K,9Kto12K,91.5Kto122K
Year1,0,1,16Kto24K,2Kto3K,3Kto6K,61Kto91.5K
Year5,0,0,16Kto24K,3Kto4K,6Kto9K,91.5Kto122K
Year5,0,0,16Kto24K,3Kto4K,6Kto9K,91.5Kto122K
Year5,0,0,16Kto24K,3Kto4K,6Kto9K,91.5Kto122K
Year5,0,0,16Kto24K,3Kto4K,9Kto12K,91.5Kto122K
Year5,0,0,24Kto32K,4Kto5k,12Kto15K,122Kto152.5K
Year5,0,0,24Kto32K,4Kto5k,12Kto15K,122Kto152.5K
Year5,0,0,16Kto24K,3Kto4K,9Kto12K,91.5Kto122K
Year5,0,1,16Kto24K,3Kto4K,9Kto12K,91.5Kto122K
Year5,0,1,16Kto24K,3Kto4K,9Kto12K,91.5Kto122K
Year5,0,1,24Kto32K,3Kto4K,9Kto12K,91.5Kto122K
Year1,0,1,16Kto24K,2Kto3K,3Kto6K,61Kto91.5K
Year5,0,1,24Kto32K,4Kto5k,9Kto12K,91.5Kto122K
Year5,0,1,24Kto32K,4Kto5k,12Kto15K,122Kto152.5K
Year5,0,1,24Kto32K,4Kto5k,9Kto12K,122Kto152.5K
Year5,1,1,24Kto32K,3Kto4K,9Kto12K,122Kto152.5K
Year5,0,1,24Kto32K,3Kto4K,6Kto9K,91.5Kto122K
Year5,0,1,24Kto32K,3Kto4K,6Kto9K,91.5Kto122K
Year5,0,1,16Kto24K,3Kto4K,6Kto9K,91.5Kto122K
Year5,0,1,24Kto32K,3Kto4K,9Kto12K,91.5Kto122K
Year5,0,1,32Kto40K,4Kto5k,12Kto15K,122Kto152.5K
Year5,0,1,32Kto40K,4Kto5k,12Kto15K,152.5Kto183K
Year1,0,0,16Kto24K,3Kto4K,3Kto6K,61Kto91.5K
Year5,0,1,24Kto32K,3Kto4K,6Kto9K,91.5Kto122K
Year5,0,1,24Kto32K,3Kto4K,6Kto9K,91.5Kto122K
Year5,0,0,16Kto24K,3Kto4K,6Kto9K,91.5Kto122K
Year5,0,0,16Kto24K,3Kto4K,6Kto9K,91.5Kto122K
Year5,0,0,24Kto32K,4Kto5k,9Kto12K,91.5Kto122K
Year5,0,0,24Kto32K,4Kto5k,12Kto15K,122Kto152.5K
Year5,0,0,32Kto40K,4Kto5k,12Kto15K,152.5Kto183K
Year5,0,0,16Kto24K,3Kto4K,6Kto9K,91.5Kto122K
Year5,0,0,16Kto24K,3Kto4K,6Kto9K,91.5Kto122K
Year5,0,0,16Kto24K,3Kto4K,6Kto9K,91.5Kto122K
Year1,1,1,16Kto24K,2Kto3K,3Kto6K,30.5Kto61K
Year1,0,0,16Kto24K,3Kto4K,3Kto6K,61Kto91.5K
Year5,1,0,16Kto24K,3Kto4K,6Kto9K,91.5Kto122K
Year5,0,0,24Kto32K,3Kto4K,9Kto12K,91.5Kto122K
Year5,0,0,24Kto32K,4Kto5k,12Kto15K,122Kto152.5K
Year5,0,0,24Kto32K,4Kto5k,12Kto15K,122Kto152.5K
Year5,0,0,16Kto24K,3Kto4K,6Kto9K,91.5Kto122K
Year5,0,0,16Kto24K,3Kto4K,6Kto9K,91.5Kto122K
Year5,0,0,16Kto24K,3Kto4K,6Kto9K,91.5Kto122K
Year5,0,1,16Kto24K,4Kto5k,9Kto12K,91.5Kto122K
Year5,0,1,24Kto32K,4Kto5k,9Kto12K,122Kto152.5K
Year5,0,1,32Kto40K,4Kto5k,12Kto15K,152.5Kto183K
Year1,0,0,16Kto24K,2Kto3K,3Kto6K,61Kto91.5K
Year5,0,1,32Kto40K,4Kto5k,12Kto15K,152.5Kto183K
Year5,0,1,24Kto32K,3Kto4K,9Kto12K,122Kto152.5K
Year5,0,1,24Kto32K,3Kto4K,6Kto9K,91.5Kto122K
Year5,0,1,24Kto32K,3Kto4K,6Kto9K,91.5Kto122K
Year5,0,1,24Kto32K,3Kto4K,6Kto9K,91.5Kto122K
Year5,0,1,24Kto32K,4Kto5k,9Kto12K,122Kto152.5K
Year5,0,1,24Kto32K,4Kto5k,12Kto15K,122Kto152.5K
Year5,0,1,32Kto40K,4Kto5k,9Kto12K,152.5Kto183K
Year5,1,1,24Kto32K,3Kto4K,9Kto12K,122Kto152.5K
Year5,0,1,24Kto32K,3Kto4K,6Kto9K,91.5Kto122K
Year1,0,0,8Kto16K,2Kto3K,3Kto6K,30.5Kto61K
Year5,0,1,16Kto24K,3Kto4K,6Kto9K,91.5Kto122K
Year5,0,1,24Kto32K,3Kto4K,6Kto9K,91.5Kto122K
Year5,0,0,24Kto32K,4Kto5k,9Kto12K,91.5Kto122K
Year5,0,0,24Kto32K,5Kto6K,12Kto15K,122Kto152.5K
Year5,0,0,32Kto40K,4Kto5k,12Kto15K,152.5Kto183K
Year5,0,0,16Kto24K,3Kto4K,6Kto9K,91.5Kto122K
Year5,0,0,16Kto24K,3Kto4K,6Kto9K,91.5Kto122K
Year5,0,0,16Kto24K,3Kto4K,6Kto9K,91.5Kto122K
Year5,0,0,16Kto24K,3Kto4K,6Kto9K,91.5Kto122K
Year5,0,0,24Kto32K,4Kto5k,9Kto12K,91.5Kto122K
Year1,0,0,8Kto16K,2Kto3K,3Kto6K,30.5Kto61K
Year5,0,0,24Kto32K,4Kto5k,9Kto12K,122Kto152.5K
Year5,0,0,24Kto32K,4Kto5k,9Kto12K,122Kto152.5K
Year5,0,0,16Kto24K,3Kto4K,6Kto9K,91.5Kto122K
Year5,0,0,16Kto24K,4Kto5k,6Kto9K,91.5Kto122K
Year5,0,0,16Kto24K,3Kto4K,6Kto9K,91.5Kto122K
Year5,0,0,16Kto24K,4Kto5k,6Kto9K,91.5Kto122K
Year5,0,0,24Kto32K,4Kto5k,9Kto12K,122Kto152.5K
Year5,1,0,24Kto32K,4Kto5k,9Kto12K,122Kto152.5K
Year5,0,1,24Kto32K,4Kto5k,12Kto15K,122Kto152.5K
Year5,0,1,16Kto24K,3Kto4K,9Kto12K,91.5Kto122K
Year1,0,0,8Kto16K,2Kto3K,3Kto6K,61Kto91.5K
Year5,0,1,24Kto32K,4Kto5k,9Kto12K,91.5Kto122K
Year5,0,1,16Kto24K,3Kto4K,6Kto9K,91.5Kto122K
Year5,0,1,16Kto24K,4Kto5k,6Kto9K,91.5Kto122K
Year5,0,1,24Kto32K,4Kto5k,9Kto12K,122Kto152.5K
Year5,0,1,24Kto32K,4Kto5k,12Kto15K,122Kto152.5K
Year5,0,1,24Kto32K,4Kto5k,9Kto12K,152.5Kto183K
Year5,0,1,24Kto32K,3Kto4K,6Kto9K,91.5Kto122K
Year5,0,1,16Kto24K,3Kto4K,6Kto9K,91.5Kto122K
Year5,1,1,16Kto24K,3Kto4K,6Kto9K,91.5Kto122K
Year5,0,1,16Kto24K,3Kto4K,6Kto9K,91.5Kto122K
Year1,0,0,16Kto24K,3Kto4K,3Kto6K,61Kto91.5K
Year5,0,1,16Kto24K,4Kto5k,6Kto9K,91.5Kto122K
Year5,0,1,24Kto32K,4Kto5k,12Kto15K,122Kto152.5K
Year5,0,1,32Kto40K,4Kto5k,9Kto12K,152.5Kto183K
Year5,0,0,16Kto24K,3Kto4K,6Kto9K,91.5Kto122K
Year5,0,0,16Kto24K,3Kto4K,6Kto9K,91.5Kto122K
Year5,0,0,16Kto24K,3Kto4K,6Kto9K,91.5Kto122K
Year5,0,0,16Kto24K,3Kto4K,6Kto9K,91.5Kto122K
Year5,0,0,24Kto32K,4Kto5k,9Kto12K,91.5Kto122K
Year5,0,0,24Kto32K,4Kto5k,9Kto12K,122Kto152.5K
Year5,0,0,24Kto32K,4Kto5k,9Kto12K,122Kto152.5K
Year1,0,0,16Kto24K,3Kto4K,6Kto9K,61Kto91.5K
Year5,0,0,16Kto24K,3Kto4K,6Kto9K,91.5Kto122K
Year5,0,0,16Kto24K,3Kto4K,6Kto9K,91.5Kto122K
Year5,0,0,24Kto32K,4Kto5k,6Kto9K,91.5Kto122K
Year5,1,0,16Kto24K,1Kto2K,3Kto6K,61Kto91.5K
Year5,0,0,16Kto24K,3Kto4K,6Kto9K,61Kto91.5K
Year5,0,0,16Kto24K,4Kto5k,9Kto12K,91.5Kto122K
Year5,0,0,16Kto24K,4Kto5k,9Kto12K,122Kto152.5K
Year5,0,0,16Kto24K,3Kto4K,6Kto9K,91.5Kto122K
Year5,0,1,16Kto24K,4Kto5k,9Kto12K,91.5Kto122K
Year5,0,1,16Kto24K,3Kto4K,6Kto9K,91.5Kto122K
Year1,0,0,16Kto24K,3Kto4K,3Kto6K,61Kto91.5K
Year5,0,1,16Kto24K,4Kto5k,9Kto12K,122Kto152.5K
Year5,0,1,16Kto24K,4Kto5k,9Kto12K,122Kto152.5K
Year5,0,1,24Kto32K,5Kto6K,9Kto12K,122Kto152.5K
Year5,0,1,24Kto32K,4Kto5k,9Kto12K,152.5Kto183K
Year5,0,1,16Kto24K,3Kto4K,6Kto9K,91.5Kto122K
Year5,0,1,16Kto24K,3Kto4K,6Kto9K,91.5Kto122K
Year5,0,1,16Kto24K,3Kto4K,6Kto9K,91.5Kto122K
Year5,0,1,16Kto24K,3Kto4K,6Kto9K,91.5Kto122K
Year5,0,1,16Kto24K,4Kto5k,6Kto9K,91.5Kto122K
Year5,0,1,24Kto32K,4Kto5k,9Kto12K,122Kto152.5K
Year1,0,0,8Kto16K,2Kto3K,3Kto6K,61Kto91.5K
Year5,0,1,24Kto32K,4Kto5k,9Kto12K,122Kto152.5K
Year5,1,1,24Kto32K,3Kto4K,6Kto9K,122Kto152.5K
Year5,0,1,24Kto32K,3Kto4K,6Kto9K,91.5Kto122K
Year5,0,0,16Kto24K,3Kto4K,6Kto9K,91.5Kto122K
Year5,0,0,16Kto24K,3Kto4K,6Kto9K,91.5Kto122K
Year5,0,0,16Kto24K,4Kto5k,6Kto9K,91.5Kto122K
Year5,0,0,24Kto32K,5Kto6K,9Kto12K,122Kto152.5K
Year5,0,0,24Kto32K,4Kto5k,9Kto12K,122Kto152.5K
Year5,0,0,16Kto24K,4Kto5k,6Kto9K,91.5Kto122K
Year5,0,0,16Kto24K,3Kto4K,6Kto9K,91.5Kto122K
Year1,0,0,8Kto16K,2Kto3K,3Kto6K,30.5Kto61K
Year5,0,0,24Kto32K,4Kto5k,9Kto12K,91.5Kto122K
Year5,0,0,24Kto32K,3Kto4K,6Kto9K,91.5Kto122K
Year5,1,0,0Kto8K,,0Kto3K,0Kto30.5K
Year5,0,0,16Kto24K,4Kto5k,9Kto12K,122Kto152.5K
Year5,0,0,16Kto24K,4Kto5k,9Kto12K,91.5Kto122K
Year5,0,0,16Kto24K,3Kto4K,6Kto9K,91.5Kto122K
Year5,0,0,16Kto24K,3Kto4K,6Kto9K,91.5Kto122K
Year5,0,0,16Kto24K,3Kto4K,6Kto9K,91.5Kto122K
Year5,0,0,24Kto32K,4Kto5k,9Kto12K,122Kto152.5K
Year5,1,1,16Kto24K,3Kto4K,6Kto9K,91.5Kto122K
Year1,0,1,16Kto24K,2Kto3K,3Kto6K,61Kto91.5K
Year1,0,0,8Kto16K,2Kto3K,3Kto6K,30.5Kto61K
Year5,0,1,24Kto32K,4Kto5k,9Kto12K,122Kto152.5K
Year5,0,1,24Kto32K,3Kto4K,9Kto12K,122Kto152.5K
Year5,0,1,16Kto24K,3Kto4K,9Kto12K,91.5Kto122K
Year5,0,1,16Kto24K,3Kto4K,6Kto9K,91.5Kto122K
Year5,0,1,16Kto24K,3Kto4K,6Kto9K,91.5Kto122K
Year5,1,1,24Kto32K,3Kto4K,6Kto9K,91.5Kto122K
Year5,0,1,24Kto32K,3Kto4K,6Kto9K,91.5Kto122K
Year5,0,1,32Kto40K,4Kto5k,12Kto15K,152.5Kto183K
Year5,0,1,32Kto40K,4Kto5k,9Kto12K,122Kto152.5K
Year5,0,1,24Kto32K,3Kto4K,6Kto9K,91.5Kto122K
Year1,0,0,8Kto16K,2Kto3K,3Kto6K,30.5Kto61K
Year5,0,1,24Kto32K,3Kto4K,6Kto9K,91.5Kto122K
Year5,0,1,16Kto24K,3Kto4K,6Kto9K,91.5Kto122K
Year5,0,1,24Kto32K,3Kto4K,6Kto9K,91.5Kto122K
Year5,0,1,24Kto32K,3Kto4K,9Kto12K,122Kto152.5K
Year5,0,0,32Kto40K,4Kto5k,12Kto15K,152.5Kto183K
Year5,0,0,24Kto32K,4Kto5k,9Kto12K,122Kto152.5K
Year5,1,0,24Kto32K,3Kto4K,9Kto12K,91.5Kto122K
Year5,0,0,16Kto24K,3Kto4K,6Kto9K,91.5Kto122K
Year5,0,0,16Kto24K,3Kto4K,6Kto9K,91.5Kto122K
Year5,0,0,16Kto24K,3Kto4K,6Kto9K,91.5Kto122K
Year1,0,0,16Kto24K,2Kto3K,3Kto6K,61Kto91.5K
Year5,0,0,16Kto24K,3Kto4K,6Kto9K,91.5Kto122K
Year5,0,0,24Kto32K,4Kto5k,12Kto15K,152.5Kto183K
Year5,0,0,24Kto32K,4Kto5k,12Kto15K,122Kto152.5K
Year5,0,0,16Kto24K,3Kto4K,6Kto9K,91.5Kto122K
Year5,0,0,16Kto24K,3Kto4K,6Kto9K,91.5Kto122K
Year5,0,0,16Kto24K,3Kto4K,6Kto9K,91.5Kto122K
Year6,0,0,16Kto24K,3Kto4K,6Kto9K,91.5Kto122K
Year6,0,0,24Kto32K,3Kto4K,9Kto12K,91.5Kto122K
Year6,0,0,24Kto32K,5Kto6K,12Kto15K,152.5Kto183K
Year6,0,0,32Kto40K,5Kto6K,12Kto15K,152.5Kto183K
Year1,0,0,16Kto24K,3Kto4K,6Kto9K,61Kto91.5K
Year6,0,1,24Kto32K,4Kto5k,9Kto12K,122Kto152.5K
Year6,0,1,16Kto24K,3Kto4K,6Kto9K,91.5Kto122K
Year6,0,1,24Kto32K,3Kto4K,9Kto12K,122Kto152.5K
Year6,0,1,16Kto24K,3Kto4K,6Kto9K,91.5Kto122K
Year6,0,1,24Kto32K,4Kto5k,9Kto12K,122Kto152.5K
Year6,0,1,32Kto40K,5Kto6K,12Kto15K,152.5Kto183K
Year6,1,1,32Kto40K,4Kto5k,9Kto12K,122Kto152.5K
Year6,0,1,24Kto32K,3Kto4K,6Kto9K,91.5Kto122K
Year6,0,1,24Kto32K,3Kto4K,6Kto9K,122Kto152.5K
Year6,1,1,24Kto32K,3Kto4K,9Kto12K,122Kto152.5K
Year1,0,0,16Kto24K,2Kto3K,6Kto9K,61Kto91.5K
Year6,0,1,24Kto32K,3Kto4K,9Kto12K,122Kto152.5K
Year6,0,1,24Kto32K,3Kto4K,9Kto12K,122Kto152.5K
Year6,0,1,32Kto40K,4Kto5k,12Kto15K,152.5Kto183K
Year6,1,1,32Kto40K,4Kto5k,9Kto12K,122Kto152.5K
Year6,1,1,24Kto32K,3Kto4K,9Kto12K,122Kto152.5K
Year6,0,0,24Kto32K,3Kto4K,6Kto9K,91.5Kto122K
Year6,1,0,24Kto32K,3Kto4K,6Kto9K,91.5Kto122K
Year6,0,0,16Kto24K,3Kto4K,9Kto12K,91.5Kto122K
Year6,0,0,24Kto32K,3Kto4K,9Kto12K,122Kto152.5K
Year6,0,0,32Kto40K,4Kto5k,12Kto15K,152.5Kto183K
Year1,1,1,16Kto24K,2Kto3K,3Kto6K,61Kto91.5K
Year6,0,0,32Kto40K,4Kto5k,12Kto15K,152.5Kto183K
Year6,0,0,24Kto32K,3Kto4K,9Kto12K,91.5Kto122K
Year6,0,0,16Kto24K,3Kto4K,6Kto9K,91.5Kto122K
Year6,0,0,16Kto24K,3Kto4K,6Kto9K,91.5Kto122K
Year6,0,0,16Kto24K,3Kto4K,6Kto9K,91.5Kto122K
Year6,0,0,24Kto32K,3Kto4K,9Kto12K,91.5Kto122K
Year6,0,0,24Kto32K,4Kto5k,12Kto15K,122Kto152.5K
Year6,0,0,32Kto40K,4Kto5k,12Kto15K,152.5Kto183K
Year6,0,0,24Kto32K,3Kto4K,9Kto12K,91.5Kto122K
Year6,0,1,16Kto24K,3Kto4K,9Kto12K,91.5Kto122K
Year1,0,1,16Kto24K,2Kto3K,3Kto6K,61Kto91.5K
Year6,0,1,24Kto32K,3Kto4K,9Kto12K,91.5Kto122K
Year6,0,1,24Kto32K,3Kto4K,9Kto12K,122Kto152.5K
Year6,0,1,24Kto32K,3Kto4K,9Kto12K,91.5Kto122K
Year6,0,1,32Kto40K,4Kto5k,12Kto15K,152.5Kto183K
Year6,0,1,32Kto40K,4Kto5k,12Kto15K,152.5Kto183K
Year6,0,1,24Kto32K,3Kto4K,9Kto12K,122Kto152.5K
Year6,0,1,24Kto32K,3Kto4K,6Kto9K,91.5Kto122K
Year6,0,1,24Kto32K,3Kto4K,6Kto9K,91.5Kto122K
Year6,0,1,24Kto32K,3Kto4K,6Kto9K,91.5Kto122K
Year6,0,1,24Kto32K,3Kto4K,9Kto12K,122Kto152.5K
Year1,0,1,16Kto24K,2Kto3K,3Kto6K,61Kto91.5K
Year6,0,1,32Kto40K,4Kto5k,12Kto15K,152.5Kto183K
Year6,0,1,32Kto40K,4Kto5k,12Kto15K,152.5Kto183K
Year6,0,1,24Kto32K,3Kto4K,9Kto12K,122Kto152.5K
Year6,0,1,24Kto32K,3Kto4K,6Kto9K,122Kto152.5K
Year6,0,0,24Kto32K,3Kto4K,6Kto9K,91.5Kto122K
Year6,1,0,16Kto24K,3Kto4K,6Kto9K,91.5Kto122K
Year6,0,0,24Kto32K,3Kto4K,9Kto12K,122Kto152.5K
Year6,0,0,24Kto32K,4Kto5k,9Kto12K,122Kto152.5K
Year6,0,0,24Kto32K,4Kto5k,12Kto15K,122Kto152.5K
Year6,0,0,24Kto32K,3Kto4K,9Kto12K,91.5Kto122K
Year1,0,1,16Kto24K,2Kto3K,3Kto6K,61Kto91.5K
Year6,0,0,24Kto32K,3Kto4K,6Kto9K,91.5Kto122K
Year6,0,0,16Kto24K,3Kto4K,6Kto9K,91.5Kto122K
Year6,1,0,16Kto24K,3Kto4K,6Kto9K,91.5Kto122K
Year6,0,0,24Kto32K,4Kto5k,9Kto12K,122Kto152.5K
Year6,0,0,32Kto40K,4Kto5k,12Kto15K,152.5Kto183K
Year6,1,0,32Kto40K,3Kto4K,9Kto12K,122Kto152.5K
Year6,0,0,16Kto24K,3Kto4K,9Kto12K,91.5Kto122K
Year6,0,0,16Kto24K,3Kto4K,6Kto9K,91.5Kto122K
Year6,0,0,16Kto24K,3Kto4K,6Kto9K,91.5Kto122K
Year6,0,0,16Kto24K,3Kto4K,9Kto12K,91.5Kto122K
Year1,0,1,16Kto24K,2Kto3K,3Kto6K,61Kto91.5K
Year6,0,1,24Kto32K,4Kto5k,12Kto15K,122Kto152.5K
Year6,0,1,32Kto40K,4Kto5k,12Kto15K,152.5Kto183K
Year6,0,1,32Kto40K,4Kto5k,12Kto15K,152.5Kto183K
Year6,0,1,24Kto32K,3Kto4K,9Kto12K,122Kto152.5K
Year6,0,1,24Kto32K,3Kto4K,6Kto9K,122Kto152.5K
Year6,0,1,24Kto32K,3Kto4K,6Kto9K,122Kto152.5K
Year6,0,1,24Kto32K,3Kto4K,9Kto12K,91.5Kto122K
Year6,0,1,24Kto32K,4Kto5k,9Kto12K,122Kto152.5K
Year6,0,1,32Kto40K,4Kto5k,12Kto15K,152.5Kto183K
Year6,0,1,32Kto40K,4Kto5k,12Kto15K,152.5Kto183K
Year1,0,0,8Kto16K,2Kto3K,3Kto6K,30.5Kto61K
Year1,0,1,16Kto24K,3Kto4K,6Kto9K,61Kto91.5K
Year6,0,1,24Kto32K,3Kto4K,9Kto12K,122Kto152.5K
Year6,0,1,24Kto32K,3Kto4K,6Kto9K,91.5Kto122K
Year6,0,1,16Kto24K,3Kto4K,6Kto9K,91.5Kto122K
Year6,0,1,24Kto32K,3Kto4K,6Kto9K,91.5Kto122K
Year6,0,1,24Kto32K,3Kto4K,9Kto12K,122Kto152.5K
Year6,0,0,32Kto40K,4Kto5k,9Kto12K,152.5Kto183K
Year6,0,0,32Kto40K,4Kto5k,12Kto15K,152.5Kto183K
Year6,0,0,24Kto32K,3Kto4K,6Kto9K,91.5Kto122K
Year6,0,0,24Kto32K,3Kto4K,6Kto9K,91.5Kto122K
Year6,0,0,16Kto24K,3Kto4K,6Kto9K,91.5Kto122K
Year1,0,1,16Kto24K,2Kto3K,6Kto9K,61Kto91.5K
Year6,0,0,16Kto24K,3Kto4K,6Kto9K,91.5Kto122K
Year6,0,0,24Kto32K,4Kto5k,9Kto12K,122Kto152.5K
Year6,0,0,24Kto32K,4Kto5k,12Kto15K,152.5Kto183K
Year6,0,0,32Kto40K,4Kto5k,12Kto15K,152.5Kto183K
Year1,0,1,16Kto24K,2Kto3K,3Kto6K,61Kto91.5K
Year1,0,1,16Kto24K,2Kto3K,3Kto6K,61Kto91.5K
Year1,0,1,16Kto24K,2Kto3K,3Kto6K,61Kto91.5K
Year1,0,1,16Kto24K,2Kto3K,3Kto6K,61Kto91.5K
Year1,0,1,16Kto24K,2Kto3K,3Kto6K,61Kto91.5K
Year1,0,1,16Kto24K,3Kto4K,6Kto9K,61Kto91.5K
Year1,0,1,24Kto32K,3Kto4K,6Kto9K,91.5Kto122K
Year1,0,1,16Kto24K,2Kto3K,3Kto6K,61Kto91.5K
Year1,0,0,16Kto24K,3Kto4K,3Kto6K,61Kto91.5K
Year1,0,0,8Kto16K,2Kto3K,3Kto6K,30.5Kto61K
Year1,0,0,16Kto24K,2Kto3K,3Kto6K,61Kto91.5K
Year1,0,0,16Kto24K,2Kto3K,3Kto6K,61Kto91.5K
Year1,0,0,16Kto24K,2Kto3K,3Kto6K,61Kto91.5K
Year1,0,0,16Kto24K,3Kto4K,3Kto6K,61Kto91.5K
Year1,0,0,16Kto24K,3Kto4K,6Kto9K,61Kto91.5K
Year1,0,0,24Kto32K,2Kto3K,6Kto9K,91.5Kto122K
Year1,0,0,16Kto24K,2Kto3K,3Kto6K,61Kto91.5K
Year1,0,0,8Kto16K,2Kto3K,3Kto6K,61Kto91.5K
Year1,0,0,8Kto16K,2Kto3K,3Kto6K,30.5Kto61K
Year1,0,0,8Kto16K,2Kto3K,3Kto6K,30.5Kto61K
Year1,0,0,16Kto24K,2Kto3K,3Kto6K,61Kto91.5K
Year1,0,0,16Kto24K,2Kto3K,3Kto6K,61Kto91.5K
Year1,0,0,16Kto24K,3Kto4K,6Kto9K,61Kto91.5K
Year1,0,0,16Kto24K,2Kto3K,6Kto9K,61Kto91.5K
Year1,0,0,8Kto16K,1Kto2K,3Kto6K,30.5Kto61K
Year1,0,0,8Kto16K,2Kto3K,3Kto6K,30.5Kto61K
Year1,1,0,8Kto16K,2Kto3K,3Kto6K,30.5Kto61K
Year1,0,1,16Kto24K,2Kto3K,3Kto6K,61Kto91.5K
Year1,0,1,16Kto24K,3Kto4K,3Kto6K,61Kto91.5K
Year1,0,1,16Kto24K,3Kto4K,6Kto9K,61Kto91.5K
Year1,0,1,16Kto24K,2Kto3K,3Kto6K,61Kto91.5K
Year1,0,0,16Kto24K,4Kto5k,6Kto9K,61Kto91.5K
Year1,1,1,16Kto24K,2Kto3K,3Kto6K,61Kto91.5K
Year1,0,1,16Kto24K,2Kto3K,3Kto6K,61Kto91.5K
Year1,0,1,16Kto24K,2Kto3K,3Kto6K,61Kto91.5K
Year1,0,1,16Kto24K,2Kto3K,3Kto6K,61Kto91.5K
Year1,0,1,16Kto24K,2Kto3K,3Kto6K,61Kto91.5K
Year1,0,1,16Kto24K,3Kto4K,6Kto9K,91.5Kto122K
Year1,0,1,24Kto32K,2Kto3K,6Kto9K,91.5Kto122K
Year1,0,1,16Kto24K,2Kto3K,3Kto6K,61Kto91.5K
Year1,0,1,16Kto24K,2Kto3K,3Kto6K,61Kto91.5K
Year1,0,1,16Kto24K,2Kto3K,3Kto6K,61Kto91.5K
Year1,0,0,16Kto24K,2Kto3K,6Kto9K,61Kto91.5K
Year1,0,1,16Kto24K,2Kto3K,3Kto6K,61Kto91.5K
Year1,0,0,16Kto24K,2Kto3K,3Kto6K,61Kto91.5K
Year1,0,0,16Kto24K,3Kto4K,6Kto9K,61Kto91.5K
Year1,0,0,16Kto24K,2Kto3K,6Kto9K,61Kto91.5K
Year1,0,0,16Kto24K,2Kto3K,3Kto6K,61Kto91.5K
Year1,0,0,16Kto24K,2Kto3K,3Kto6K,61Kto91.5K
Year1,0,0,8Kto16K,2Kto3K,3Kto6K,30.5Kto61K
Year1,0,0,8Kto16K,2Kto3K,3Kto6K,30.5Kto61K
Year1,0,0,16Kto24K,2Kto3K,3Kto6K,61Kto91.5K
Year1,0,0,16Kto24K,2Kto3K,6Kto9K,61Kto91.5K
Year1,1,0,16Kto24K,2Kto3K,3Kto6K,61Kto91.5K
Year1,0,0,16Kto24K,2Kto3K,6Kto9K,61Kto91.5K
Year1,0,0,16Kto24K,2Kto3K,3Kto6K,61Kto91.5K
Year1,0,0,16Kto24K,2Kto3K,3Kto6K,30.5Kto61K
Year1,0,0,8Kto16K,2Kto3K,3Kto6K,30.5Kto61K
Year1,0,0,8Kto16K,2Kto3K,3Kto6K,30.5Kto61K
Year1,0,0,16Kto24K,3Kto4K,6Kto9K,61Kto91.5K
Year1,0,1,24Kto32K,3Kto4K,6Kto9K,91.5Kto122K
Year1,0,1,24Kto32K,3Kto4K,6Kto9K,91.5Kto122K
Year1,0,1,16Kto24K,2Kto3K,3Kto6K,61Kto91.5K
Year1,0,1,16Kto24K,2Kto3K,3Kto6K,61Kto91.5K
Year1,0,0,8Kto16K,2Kto3K,3Kto6K,30.5Kto61K
Year1,0,1,16Kto24K,2Kto3K,3Kto6K,61Kto91.5K
Year1,0,1,16Kto24K,2Kto3K,3Kto6K,61Kto91.5K
Year1,0,1,16Kto24K,2Kto3K,3Kto6K,61Kto91.5K
Year1,0,1,24Kto32K,3Kto4K,6Kto9K,91.5Kto122K
Year1,0,1,24Kto32K,2Kto3K,6Kto9K,91.5Kto122K
Year1,1,1,16Kto24K,2Kto3K,3Kto6K,61Kto91.5K
Year1,0,1,16Kto24K,2Kto3K,3Kto6K,61Kto91.5K
Year1,0,1,16Kto24K,2Kto3K,3Kto6K,61Kto91.5K
Year1,0,1,16Kto24K,2Kto3K,3Kto6K,61Kto91.5K
Year1,0,1,16Kto24K,2Kto3K,3Kto6K,61Kto91.5K
Year1,0,0,8Kto16K,2Kto3K,3Kto6K,30.5Kto61K
Year1,0,1,24Kto32K,3Kto4K,6Kto9K,91.5Kto122K
Year1,0,0,24Kto32K,2Kto3K,6Kto9K,91.5Kto122K
Year1,0,0,16Kto24K,2Kto3K,3Kto6K,61Kto91.5K
Year1,0,0,16Kto24K,2Kto3K,3Kto6K,61Kto91.5K
Year1,0,0,8Kto16K,2Kto3K,3Kto6K,30.5Kto61K
Year1,0,0,8Kto16K,2Kto3K,3Kto6K,30.5Kto61K
Year1,0,0,16Kto24K,2Kto3K,3Kto6K,61Kto91.5K
Year1,0,0,16Kto24K,3Kto4K,6Kto9K,61Kto91.5K
Year1,0,0,16Kto24K,3Kto4K,6Kto9K,61Kto91.5K
Year1,0,0,16Kto24K,2Kto3K,3Kto6K,61Kto91.5K
Year1,0,0,8Kto16K,2Kto3K,3Kto6K,30.5Kto61K
Year1,0,0,8Kto16K,2Kto3K,3Kto6K,30.5Kto61K
Year1,0,0,8Kto16K,2Kto3K,3Kto6K,30.5Kto61K
Year1,0,0,8Kto16K,2Kto3K,3Kto6K,30.5Kto61K
Year1,0,0,16Kto24K,3Kto4K,3Kto6K,61Kto91.5K
Year1,0,0,16Kto24K,3Kto4K,6Kto9K,61Kto91.5K
Year1,0,0,16Kto24K,3Kto4K,6Kto9K,61Kto91.5K
Year1,1,0,8Kto16K,2Kto3K,3Kto6K,30.5Kto61K
Year1,0,1,16Kto24K,2Kto3K,3Kto6K,61Kto91.5K
Year1,0,1,16Kto24K,2Kto3K,3Kto6K,61Kto91.5K
Year1,0,1,16Kto24K,2Kto3K,3Kto6K,61Kto91.5K
Year1,0,0,8Kto16K,2Kto3K,3Kto6K,61Kto91.5K
Year1,0,1,16Kto24K,3Kto4K,3Kto6K,61Kto91.5K
Year1,0,1,24Kto32K,3Kto4K,6Kto9K,91.5Kto122K
Year1,0,1,24Kto32K,3Kto4K,6Kto9K,91.5Kto122K
Year1,1,1,16Kto24K,2Kto3K,3Kto6K,61Kto91.5K
Year1,0,1,16Kto24K,2Kto3K,3Kto6K,61Kto91.5K
Year1,0,1,16Kto24K,2Kto3K,3Kto6K,61Kto91.5K
Year1,0,1,16Kto24K,2Kto3K,3Kto6K,61Kto91.5K
Year1,1,1,16Kto24K,2Kto3K,3Kto6K,61Kto91.5K
Year1,0,1,24Kto32K,3Kto4K,6Kto9K,91.5Kto122K
Year1,0,1,24Kto32K,2Kto3K,6Kto9K,91.5Kto122K
Year1,0,0,16Kto24K,4Kto5k,3Kto6K,61Kto91.5K
Year1,0,1,16Kto24K,2Kto3K,3Kto6K,61Kto91.5K
Year1,0,1,16Kto24K,2Kto3K,3Kto6K,61Kto91.5K
Year1,0,0,16Kto24K,2Kto3K,3Kto6K,61Kto91.5K
Year1,0,0,16Kto24K,2Kto3K,3Kto6K,30.5Kto61K
Year1,0,0,16Kto24K,2Kto3K,3Kto6K,61Kto91.5K
Year1,0,0,16Kto24K,3Kto4K,6Kto9K,61Kto91.5K
Year1,0,0,16Kto24K,3Kto4K,6Kto9K,61Kto91.5K
Year1,0,0,16Kto24K,2Kto3K,3Kto6K,61Kto91.5K
Year1,0,0,16Kto24K,2Kto3K,3Kto6K,61Kto91.5K
Year1,0,0,16Kto24K,2Kto3K,3Kto6K,61Kto91.5K
Year1,0,0,16Kto24K,2Kto3K,3Kto6K,30.5Kto61K
Year1,0,0,16Kto24K,2Kto3K,3Kto6K,61Kto91.5K
Year1,1,0,8Kto16K,1Kto2K,0Kto3K,30.5Kto61K
Year1,0,0,16Kto24K,2Kto3K,3Kto6K,30.5Kto61K
Year1,0,0,16Kto24K,2Kto3K,3Kto6K,61Kto91.5K
Year1,0,0,16Kto24K,2Kto3K,3Kto6K,61Kto91.5K
Year1,0,0,8Kto16K,2Kto3K,3Kto6K,30.5Kto61K
Year1,0,0,8Kto16K,2Kto3K,3Kto6K,30.5Kto61K
Year1,0,0,8Kto16K,2Kto3K,3Kto6K,30.5Kto61K
Year1,0,1,16Kto24K,3Kto4K,3Kto6K,61Kto91.5K
Year1,0,1,16Kto24K,3Kto4K,3Kto6K,61Kto91.5K
Year1,0,1,24Kto32K,4Kto5k,6Kto9K,91.5Kto122K
Year1,0,0,8Kto16K,1Kto2K,3Kto6K,30.5Kto61K
Year1,0,1,24Kto32K,3Kto4K,6Kto9K,91.5Kto122K
Year1,0,1,16Kto24K,2Kto3K,3Kto6K,61Kto91.5K
Year1,0,1,16Kto24K,2Kto3K,3Kto6K,61Kto91.5K
Year1,0,1,16Kto24K,2Kto3K,3Kto6K,61Kto91.5K
Year1,0,1,16Kto24K,2Kto3K,3Kto6K,61Kto91.5K
Year1,0,1,16Kto24K,2Kto3K,3Kto6K,61Kto91.5K
Year1,0,1,24Kto32K,3Kto4K,6Kto9K,91.5Kto122K
Year1,0,1,24Kto32K,2Kto3K,3Kto6K,91.5Kto122K
Year1,0,1,16Kto24K,2Kto3K,3Kto6K,61Kto91.5K
Year1,0,1,16Kto24K,2Kto3K,3Kto6K,61Kto91.5K
Year1,0,1,16Kto24K,1Kto2K,3Kto6K,61Kto91.5K
Year1,0,1,16Kto24K,2Kto3K,3Kto6K,61Kto91.5K
Year1,0,1,16Kto24K,2Kto3K,3Kto6K,61Kto91.5K
Year1,0,0,16Kto24K,2Kto3K,3Kto6K,61Kto91.5K
Year1,0,0,24Kto32K,3Kto4K,6Kto9K,61Kto91.5K
Year1,0,0,16Kto24K,2Kto3K,3Kto6K,61Kto91.5K
Year1,0,0,16Kto24K,2Kto3K,3Kto6K,61Kto91.5K
Year1,0,0,16Kto24K,2Kto3K,3Kto6K,61Kto91.5K
Year1,0,0,16Kto24K,2Kto3K,3Kto6K,61Kto91.5K
Year1,0,0,16Kto24K,2Kto3K,3Kto6K,61Kto91.5K
Year1,0,0,24Kto32K,3Kto4K,3Kto6K,61Kto91.5K
Year1,0,1,16Kto24K,1Kto2K,3Kto6K,30.5Kto61K
Year1,0,0,16Kto24K,2Kto3K,3Kto6K,61Kto91.5K
Year1,1,0,0Kto8K,,,0Kto30.5K
Year1,0,0,16Kto24K,3Kto4K,3Kto6K,61Kto91.5K
Year1,0,0,16Kto24K,2Kto3K,3Kto6K,61Kto91.5K
Year1,1,0,16Kto24K,2Kto3K,3Kto6K,61Kto91.5K
Year1,0,0,16Kto24K,2Kto3K,3Kto6K,61Kto91.5K
Year1,0,0,16Kto24K,3Kto4K,6Kto9K,61Kto91.5K
Year1,0,0,24Kto32K,2Kto3K,3Kto6K,61Kto91.5K
Year1,1,1,8Kto16K,1Kto2K,3Kto6K,30.5Kto61K
Year1,0,1,16Kto24K,3Kto4K,6Kto9K,61Kto91.5K
Year1,0,1,16Kto24K,1Kto2K,3Kto6K,61Kto91.5K
Year1,0,1,16Kto24K,2Kto3K,3Kto6K,61Kto91.5K
Year1,0,1,16Kto24K,2Kto3K,3Kto6K,61Kto91.5K
Year1,0,1,16Kto24K,2Kto3K,3Kto6K,61Kto91.5K
Year1,0,1,16Kto24K,2Kto3K,3Kto6K,61Kto91.5K
Year1,1,1,24Kto32K,3Kto4K,6Kto9K,91.5Kto122K
Year1,0,1,24Kto32K,2Kto3K,6Kto9K,91.5Kto122K
Year1,0,1,16Kto24K,2Kto3K,3Kto6K,61Kto91.5K
Year1,0,1,16Kto24K,2Kto3K,3Kto6K,61Kto91.5K
Year1,0,1,16Kto24K,2Kto3K,3Kto6K,61Kto91.5K
Year1,0,1,16Kto24K,2Kto3K,3Kto6K,61Kto91.5K
Year1,0,1,16Kto24K,1Kto2K,3Kto6K,61Kto91.5K
Year1,0,1,16Kto24K,2Kto3K,3Kto6K,61Kto91.5K
Year1,0,1,24Kto32K,3Kto4K,6Kto9K,91.5Kto122K
Year1,0,1,24Kto32K,2Kto3K,3Kto6K,91.5Kto122K
Year1,1,0,16Kto24K,2Kto3K,3Kto6K,61Kto91.5K
Year1,0,0,16Kto24K,1Kto2K,3Kto6K,30.5Kto61K
Year1,0,0,16Kto24K,2Kto3K,3Kto6K,61Kto91.5K
Year1,0,0,16Kto24K,2Kto3K,3Kto6K,61Kto91.5K
Year1,0,0,16Kto24K,2Kto3K,3Kto6K,61Kto91.5K
Year1,0,0,24Kto32K,3Kto4K,6Kto9K,91.5Kto122K
Year1,0,0,16Kto24K,2Kto3K,6Kto9K,61Kto91.5K
Year1,0,1,16Kto24K,2Kto3K,6Kto9K,61Kto91.5K
Year1,0,0,16Kto24K,2Kto3K,3Kto6K,61Kto91.5K
Year1,0,0,16Kto24K,2Kto3K,3Kto6K,61Kto91.5K
Year1,0,0,16Kto24K,2Kto3K,3Kto6K,30.5Kto61K
Year1,0,0,16Kto24K,2Kto3K,3Kto6K,61Kto91.5K
Year1,0,0,16Kto24K,2Kto3K,3Kto6K,61Kto91.5K
Year1,0,0,24Kto32K,3Kto4K,6Kto9K,91.5Kto122K
Year2,0,0,24Kto32K,3Kto4K,6Kto9K,91.5Kto122K
Year2,0,0,16Kto24K,2Kto3K,3Kto6K,61Kto91.5K
Year2,0,0,16Kto24K,2Kto3K,3Kto6K,61Kto91.5K
Year2,0,1,16Kto24K,3Kto4K,3Kto6K,61Kto91.5K
Year1,0,1,24Kto32K,3Kto4K,6Kto9K,91.5Kto122K
Year2,0,1,16Kto24K,2Kto3K,3Kto6K,61Kto91.5K
Year2,0,1,24Kto32K,3Kto4K,6Kto9K,91.5Kto122K
Year2,0,1,24Kto32K,4Kto5k,6Kto9K,91.5Kto122K
Year2,1,1,24Kto32K,3Kto4K,6Kto9K,91.5Kto122K
Year2,0,1,16Kto24K,2Kto3K,3Kto6K,61Kto91.5K
Year2,0,1,16Kto24K,2Kto3K,3Kto6K,61Kto91.5K
Year2,0,1,16Kto24K,2Kto3K,3Kto6K,61Kto91.5K
Year2,0,1,16Kto24K,2Kto3K,3Kto6K,61Kto91.5K
Year2,0,1,16Kto24K,2Kto3K,3Kto6K,61Kto91.5K
Year2,0,1,24Kto32K,3Kto4K,6Kto9K,91.5Kto122K
Year1,0,1,16Kto24K,2Kto3K,3Kto6K,61Kto91.5K
Year2,0,1,24Kto32K,3Kto4K,6Kto9K,91.5Kto122K
Year2,0,1,24Kto32K,2Kto3K,3Kto6K,61Kto91.5K
Year2,1,1,16Kto24K,2Kto3K,3Kto6K,61Kto91.5K
Year2,0,1,16Kto24K,2Kto3K,3Kto6K,61Kto91.5K
Year2,0,0,16Kto24K,2Kto3K,3Kto6K,61Kto91.5K
Year2,0,0,16Kto24K,2Kto3K,3Kto6K,61Kto91.5K
Year2,0,0,24Kto32K,3Kto4K,6Kto9K,91.5Kto122K
Year2,0,0,24Kto32K,3Kto4K,6Kto9K,91.5Kto122K
Year2,1,0,16Kto24K,2Kto3K,6Kto9K,61Kto91.5K
Year2,0,0,16Kto24K,2Kto3K,3Kto6K,61Kto91.5K
Year1,0,1,16Kto24K,2Kto3K,3Kto6K,61Kto91.5K
Year2,1,0,16Kto24K,2Kto3K,3Kto6K,61Kto91.5K
Year2,0,0,16Kto24K,2Kto3K,3Kto6K,61Kto91.5K
Year2,0,0,16Kto24K,2Kto3K,3Kto6K,61Kto91.5K
Year2,0,0,24Kto32K,3Kto4K,6Kto9K,91.5Kto122K
Year2,0,0,24Kto32K,3Kto4K,6Kto9K,91.5Kto122K
Year2,0,0,16Kto24K,2Kto3K,3Kto6K,61Kto91.5K
Year2,0,0,16Kto24K,2Kto3K,3Kto6K,61Kto91.5K
Year2,1,0,16Kto24K,2Kto3K,3Kto6K,61Kto91.5K
Year2,0,1,16Kto24K,3Kto4K,3Kto6K,61Kto91.5K
Year2,0,1,16Kto24K,3Kto4K,3Kto6K,61Kto91.5K
Year1,0,1,16Kto24K,2Kto3K,3Kto6K,30.5Kto61K
Year1,1,1,16Kto24K,2Kto3K,3Kto6K,30.5Kto61K
Year2,0,1,24Kto32K,3Kto4K,6Kto9K,91.5Kto122K
Year2,0,1,24Kto32K,3Kto4K,6Kto9K,91.5Kto122K
Year2,0,1,24Kto32K,2Kto3K,3Kto6K,61Kto91.5K
Year2,0,1,16Kto24K,2Kto3K,3Kto6K,61Kto91.5K
Year2,0,1,16Kto24K,2Kto3K,3Kto6K,61Kto91.5K
Year2,1,1,16Kto24K,2Kto3K,3Kto6K,61Kto91.5K
Year2,0,1,24Kto32K,2Kto3K,3Kto6K,61Kto91.5K
Year2,0,1,24Kto32K,3Kto4K,6Kto9K,91.5Kto122K
Year2,0,1,24Kto32K,3Kto4K,6Kto9K,91.5Kto122K
Year2,0,1,24Kto32K,2Kto3K,3Kto6K,61Kto91.5K
Year1,0,1,16Kto24K,2Kto3K,3Kto6K,30.5Kto61K
Year2,0,1,16Kto24K,2Kto3K,3Kto6K,61Kto91.5K
Year2,0,1,16Kto24K,2Kto3K,3Kto6K,61Kto91.5K
Year2,0,1,16Kto24K,2Kto3K,3Kto6K,61Kto91.5K
Year2,0,0,16Kto24K,2Kto3K,3Kto6K,61Kto91.5K
Year2,1,0,24Kto32K,3Kto4K,6Kto9K,91.5Kto122K
Year2,0,0,24Kto32K,3Kto4K,6Kto9K,91.5Kto122K
Year2,0,0,16Kto24K,2Kto3K,3Kto6K,61Kto91.5K
Year2,0,0,16Kto24K,2Kto3K,3Kto6K,61Kto91.5K
Year2,0,0,16Kto24K,2Kto3K,3Kto6K,61Kto91.5K
Year2,0,0,16Kto24K,2Kto3K,3Kto6K,61Kto91.5K
Year1,0,1,16Kto24K,2Kto3K,3Kto6K,61Kto91.5K
Year2,0,0,16Kto24K,2Kto3K,3Kto6K,61Kto91.5K
Year2,0,0,24Kto32K,3Kto4K,6Kto9K,91.5Kto122K
Year2,0,0,24Kto32K,3Kto4K,6Kto9K,91.5Kto122K
Year2,0,0,16Kto24K,2Kto3K,3Kto6K,61Kto91.5K
Year2,0,0,16Kto24K,2Kto3K,3Kto6K,61Kto91.5K
Year2,0,0,16Kto24K,2Kto3K,3Kto6K,61Kto91.5K
Year2,0,0,16Kto24K,2Kto3K,3Kto6K,61Kto91.5K
Year2,0,0,16Kto24K,3Kto4K,3Kto6K,61Kto91.5K
Year2,0,0,24Kto32K,4Kto5k,6Kto9K,91.5Kto122K
Year2,0,1,24Kto32K,3Kto4K,6Kto9K,91.5Kto122K
Year1,0,1,16Kto24K,3Kto4K,6Kto9K,61Kto91.5K
Year2,0,1,16Kto24K,2Kto3K,3Kto6K,61Kto91.5K
Year2,0,1,24Kto32K,2Kto3K,3Kto6K,61Kto91.5K
Year2,0,1,16Kto24K,2Kto3K,3Kto6K,61Kto91.5K
Year2,0,1,16Kto24K,2Kto3K,3Kto6K,61Kto91.5K
Year2,0,1,24Kto32K,3Kto4K,3Kto6K,91.5Kto122K
Year2,0,1,32Kto40K,3Kto4K,6Kto9K,91.5Kto122K
Year2,1,1,24Kto32K,2Kto3K,6Kto9K,91.5Kto122K
Year2,0,1,16Kto24K,2Kto3K,3Kto6K,61Kto91.5K
Year2,0,1,16Kto24K,2Kto3K,3Kto6K,61Kto91.5K
Year2,0,1,16Kto24K,2Kto3K,3Kto6K,61Kto91.5K
Year1,0,1,16Kto24K,3Kto4K,3Kto6K,61Kto91.5K
Year2,0,1,16Kto24K,2Kto3K,3Kto6K,61Kto91.5K
Year2,0,1,16Kto24K,3Kto4K,6Kto9K,61Kto91.5K
Year2,1,1,24Kto32K,3Kto4K,6Kto9K,91.5Kto122K
Year2,1,1,24Kto32K,3Kto4K,6Kto9K,91.5Kto122K
Year2,0,0,16Kto24K,2Kto3K,3Kto6K,61Kto91.5K
Year2,0,0,16Kto24K,2Kto3K,3Kto6K,61Kto91.5K
Year2,0,0,16Kto24K,2Kto3K,3Kto6K,61Kto91.5K
Year2,0,0,16Kto24K,2Kto3K,3Kto6K,61Kto91.5K
Year2,0,0,16Kto24K,2Kto3K,3Kto6K,61Kto91.5K
Year2,0,0,24Kto32K,3Kto4K,6Kto9K,91.5Kto122K
Year1,0,1,16Kto24K,2Kto3K,3Kto6K,61Kto91.5K
Year2,0,0,24Kto32K,3Kto4K,6Kto9K,91.5Kto122K
Year2,0,0,16Kto24K,2Kto3K,3Kto6K,61Kto91.5K
Year2,0,0,16Kto24K,2Kto3K,3Kto6K,61Kto91.5K
Year2,0,0,16Kto24K,2Kto3K,3Kto6K,61Kto91.5K
Year2,0,0,16Kto24K,2Kto3K,3Kto6K,61Kto91.5K
Year2,0,0,16Kto24K,2Kto3K,3Kto6K,61Kto91.5K
Year2,0,0,24Kto32K,3Kto4K,6Kto9K,91.5Kto122K
Year2,0,0,24Kto32K,3Kto4K,6Kto9K,91.5Kto122K
Year2,0,0,16Kto24K,2Kto3K,3Kto6K,61Kto91.5K
Year2,0,1,16Kto24K,2Kto3K,3Kto6K,61Kto91.5K
Year1,0,1,16Kto24K,2Kto3K,3Kto6K,61Kto91.5K
Year2,0,1,16Kto24K,2Kto3K,3Kto6K,61Kto91.5K
Year2,0,1,24Kto32K,3Kto4K,3Kto6K,61Kto91.5K
Year2,0,1,24Kto32K,3Kto4K,3Kto6K,61Kto91.5K
Year2,1,1,24Kto32K,3Kto4K,6Kto9K,91.5Kto122K
Year2,0,1,24Kto32K,3Kto4K,6Kto9K,91.5Kto122K
Year2,0,1,24Kto32K,2Kto3K,3Kto6K,61Kto91.5K
Year2,0,1,16Kto24K,2Kto3K,3Kto6K,61Kto91.5K
Year2,0,1,16Kto24K,2Kto3K,3Kto6K,61Kto91.5K
Year2,0,1,16Kto24K,2Kto3K,3Kto6K,61Kto91.5K
Year2,0,1,24Kto32K,2Kto3K,3Kto6K,61Kto91.5K
Year1,1,0,8Kto16K,2Kto3K,3Kto6K,30.5Kto61K
Year2,0,1,24Kto32K,2Kto3K,6Kto9K,91.5Kto122K
Year2,1,1,24Kto32K,2Kto3K,3Kto6K,61Kto91.5K
Year2,0,1,24Kto32K,2Kto3K,3Kto6K,61Kto91.5K
Year2,0,1,24Kto32K,2Kto3K,3Kto6K,61Kto91.5K
Year2,0,0,16Kto24K,2Kto3K,3Kto6K,61Kto91.5K
Year2,0,0,16Kto24K,1Kto2K,3Kto6K,61Kto91.5K
Year2,0,0,24Kto32K,2Kto3K,3Kto6K,61Kto91.5K
Year2,0,0,24Kto32K,2Kto3K,6Kto9K,91.5Kto122K
Year2,0,0,24Kto32K,2Kto3K,6Kto9K,91.5Kto122K
Year2,0,0,16Kto24K,2Kto3K,3Kto6K,61Kto91.5K
Year1,1,0,8Kto16K,2Kto3K,3Kto6K,30.5Kto61K
Year2,0,0,16Kto24K,1Kto2K,3Kto6K,61Kto91.5K
Year2,0,0,16Kto24K,1Kto2K,3Kto6K,61Kto91.5K
Year2,0,0,16Kto24K,2Kto3K,3Kto6K,61Kto91.5K
Year2,0,0,24Kto32K,2Kto3K,3Kto6K,61Kto91.5K
Year2,0,0,24Kto32K,2Kto3K,6Kto9K,91.5Kto122K
Year2,0,0,24Kto32K,2Kto3K,3Kto6K,61Kto91.5K
Year2,1,0,24Kto32K,2Kto3K,3Kto6K,61Kto91.5K
Year2,0,0,16Kto24K,2Kto3K,3Kto6K,61Kto91.5K
Year2,0,0,16Kto24K,2Kto3K,3Kto6K,61Kto91.5K
Year2,0,0,16Kto24K,2Kto3K,3Kto6K,61Kto91.5K
Year1,0,0,16Kto24K,2Kto3K,3Kto6K,61Kto91.5K
Year2,0,1,24Kto32K,3Kto4K,6Kto9K,91.5Kto122K
Year2,0,1,32Kto40K,3Kto4K,6Kto9K,91.5Kto122K
Year2,0,1,32Kto40K,3Kto4K,6Kto9K,91.5Kto122K
Year2,0,1,24Kto32K,2Kto3K,3Kto6K,61Kto91.5K
Year2,0,1,24Kto32K,2Kto3K,3Kto6K,61Kto91.5K
Year2,0,1,24Kto32K,2Kto3K,3Kto6K,61Kto91.5K
Year2,0,1,24Kto32K,2Kto3K,3Kto6K,61Kto91.5K
Year2,0,1,24Kto32K,3Kto4K,3Kto6K,91.5Kto122K
Year2,0,1,32Kto40K,3Kto4K,6Kto9K,91.5Kto122K
Year2,0,1,32Kto40K,3Kto4K,6Kto9K,91.5Kto122K
Year1,0,1,8Kto16K,1Kto2K,0Kto3K,30.5Kto61K
Year1,0,0,16Kto24K,3Kto4K,6Kto9K,61Kto91.5K
Year2,0,1,24Kto32K,2Kto3K,6Kto9K,91.5Kto122K
Year2,1,1,24Kto32K,2Kto3K,6Kto9K,61Kto91.5K
Year2,0,1,16Kto24K,2Kto3K,6Kto9K,61Kto91.5K
Year2,0,1,24Kto32K,2Kto3K,6Kto9K,61Kto91.5K
Year2,0,1,24Kto32K,3Kto4K,6Kto9K,91.5Kto122K
Year2,0,0,24Kto32K,3Kto4K,9Kto12K,91.5Kto122K
Year2,1,0,24Kto32K,2Kto3K,6Kto9K,91.5Kto122K
Year2,0,0,24Kto32K,2Kto3K,6Kto9K,61Kto91.5K
Year2,0,0,16Kto24K,2Kto3K,6Kto9K,61Kto91.5K
Year2,0,0,16Kto24K,2Kto3K,6Kto9K,61Kto91.5K
Year1,1,0,16Kto24K,3Kto4K,6Kto9K,61Kto91.5K
Year2,1,0,16Kto24K,2Kto3K,6Kto9K,61Kto91.5K
Year2,0,0,24Kto32K,3Kto4K,6Kto9K,91.5Kto122K
Year2,0,0,24Kto32K,3Kto4K,6Kto9K,91.5Kto122K
Year2,0,0,24Kto32K,3Kto4K,6Kto9K,91.5Kto122K
Year2,0,0,16Kto24K,2Kto3K,6Kto9K,61Kto91.5K
Year2,0,0,16Kto24K,2Kto3K,6Kto9K,61Kto91.5K
Year2,0,0,16Kto24K,2Kto3K,6Kto9K,61Kto91.5K
Year2,0,0,16Kto24K,2Kto3K,6Kto9K,61Kto91.5K
Year2,0,0,24Kto32K,3Kto4K,6Kto9K,91.5Kto122K
Year2,0,0,24Kto32K,3Kto4K,9Kto12K,91.5Kto122K
Year1,0,0,8Kto16K,2Kto3K,3Kto6K,61Kto91.5K
Year2,0,1,24Kto32K,2Kto3K,6Kto9K,91.5Kto122K
Year2,0,1,24Kto32K,2Kto3K,6Kto9K,91.5Kto122K
Year2,0,1,24Kto32K,2Kto3K,6Kto9K,91.5Kto122K
Year2,1,1,24Kto32K,1Kto2K,3Kto6K,61Kto91.5K
Year2,0,1,24Kto32K,2Kto3K,6Kto9K,91.5Kto122K
Year2,0,1,24Kto32K,2Kto3K,6Kto9K,91.5Kto122K
Year2,0,1,24Kto32K,2Kto3K,6Kto9K,91.5Kto122K
Year2,0,1,24Kto32K,3Kto4K,6Kto9K,91.5Kto122K
Year2,0,1,24Kto32K,2Kto3K,6Kto9K,91.5Kto122K
Year2,0,1,16Kto24K,2Kto3K,6Kto9K,61Kto91.5K
Year1,0,0,8Kto16K,2Kto3K,3Kto6K,30.5Kto61K
Year2,0,1,24Kto32K,2Kto3K,6Kto9K,61Kto91.5K
Year2,0,1,24Kto32K,2Kto3K,6Kto9K,61Kto91.5K
Year2,0,1,24Kto32K,3Kto4K,6Kto9K,91.5Kto122K
Year2,0,1,24Kto32K,3Kto4K,6Kto9K,91.5Kto122K
Year2,0,1,24Kto32K,3Kto4K,6Kto9K,91.5Kto122K
Year2,0,0,16Kto24K,2Kto3K,6Kto9K,61Kto91.5K
Year2,0,0,16Kto24K,2Kto3K,3Kto6K,61Kto91.5K
Year2,0,0,16Kto24K,2Kto3K,3Kto6K,61Kto91.5K
Year2,0,0,16Kto24K,3Kto4K,6Kto9K,61Kto91.5K
Year2,1,0,24Kto32K,3Kto4K,6Kto9K,91.5Kto122K
Year1,0,0,8Kto16K,2Kto3K,3Kto6K,30.5Kto61K
Year2,0,0,24Kto32K,3Kto4K,6Kto9K,91.5Kto122K
Year2,0,0,24Kto32K,3Kto4K,6Kto9K,91.5Kto122K
Year2,0,0,16Kto24K,2Kto3K,6Kto9K,61Kto91.5K
Year2,0,0,16Kto24K,2Kto3K,6Kto9K,61Kto91.5K
Year2,0,0,16Kto24K,2Kto3K,3Kto6K,61Kto91.5K
Year2,0,0,16Kto24K,2Kto3K,6Kto9K,61Kto91.5K
Year2,0,0,16Kto24K,2Kto3K,6Kto9K,61Kto91.5K
Year2,0,0,24Kto32K,2Kto3K,6Kto9K,91.5Kto122K
Year2,0,0,24Kto32K,2Kto3K,6Kto9K,91.5Kto122K
Year2,0,0,16Kto24K,2Kto3K,6Kto9K,61Kto91.5K
Year1,0,0,8Kto16K,2Kto3K,3Kto6K,30.5Kto61K
Year2,0,0,16Kto24K,2Kto3K,6Kto9K,61Kto91.5K
Year2,0,1,16Kto24K,2Kto3K,6Kto9K,61Kto91.5K
Year2,0,1,24Kto32K,2Kto3K,6Kto9K,91.5Kto122K
Year2,0,1,24Kto32K,2Kto3K,6Kto9K,91.5Kto122K
Year2,0,1,24Kto32K,2Kto3K,6Kto9K,91.5Kto122K
Year2,0,1,24Kto32K,2Kto3K,6Kto9K,91.5Kto122K
Year2,0,1,24Kto32K,2Kto3K,6Kto9K,91.5Kto122K
Year2,0,1,16Kto24K,2Kto3K,6Kto9K,61Kto91.5K
Year2,0,1,24Kto32K,2Kto3K,6Kto9K,61Kto91.5K
Year2,0,1,24Kto32K,2Kto3K,6Kto9K,91.5Kto122K
Year1,0,0,8Kto16K,3Kto4K,3Kto6K,61Kto91.5K
Year2,0,1,24Kto32K,2Kto3K,6Kto9K,91.5Kto122K
Year2,0,1,32Kto40K,2Kto3K,9Kto12K,91.5Kto122K
Year2,0,1,32Kto40K,2Kto3K,9Kto12K,91.5Kto122K
Year2,0,1,24Kto32K,2Kto3K,6Kto9K,91.5Kto122K
Year2,0,1,24Kto32K,2Kto3K,6Kto9K,61Kto91.5K
Year2,0,1,24Kto32K,2Kto3K,6Kto9K,91.5Kto122K
Year2,0,0,24Kto32K,2Kto3K,6Kto9K,61Kto91.5K
Year2,0,0,24Kto32K,2Kto3K,6Kto9K,91.5Kto122K
Year2,0,0,24Kto32K,2Kto3K,9Kto12K,91.5Kto122K
Year2,1,0,24Kto32K,2Kto3K,9Kto12K,91.5Kto122K
Year1,0,0,16Kto24K,3Kto4K,6Kto9K,61Kto91.5K
Year2,0,0,16Kto24K,2Kto3K,6Kto9K,61Kto91.5K
Year2,0,0,16Kto24K,1Kto2K,6Kto9K,61Kto91.5K
Year2,0,0,16Kto24K,2Kto3K,6Kto9K,61Kto91.5K
Year2,0,0,16Kto24K,2Kto3K,6Kto9K,61Kto91.5K
Year2,0,0,16Kto24K,2Kto3K,6Kto9K,61Kto91.5K
Year2,0,0,24Kto32K,2Kto3K,9Kto12K,91.5Kto122K
Year2,0,0,24Kto32K,2Kto3K,9Kto12K,91.5Kto122K
Year2,0,0,16Kto24K,2Kto3K,6Kto9K,61Kto91.5K
Year2,0,0,16Kto24K,2Kto3K,6Kto9K,61Kto91.5K
Year2,0,0,16Kto24K,2Kto3K,6Kto9K,61Kto91.5K
Year1,0,0,16Kto24K,3Kto4K,6Kto9K,61Kto91.5K
Year2,0,0,16Kto24K,1Kto2K,6Kto9K,61Kto91.5K
Year2,0,0,24Kto32K,2Kto3K,9Kto12K,91.5Kto122K
Year2,0,1,24Kto32K,3Kto4K,9Kto12K,122Kto152.5K
Year2,0,1,24Kto32K,2Kto3K,9Kto12K,91.5Kto122K
Year2,1,1,32Kto40K,2Kto3K,9Kto12K,91.5Kto122K
Year2,0,1,16Kto24K,2Kto3K,6Kto9K,61Kto91.5K
Year2,0,1,16Kto24K,2Kto3K,6Kto9K,61Kto91.5K
Year2,0,1,16Kto24K,2Kto3K,6Kto9K,61Kto91.5K
Year2,0,1,24Kto32K,2Kto3K,6Kto9K,91.5Kto122K
Year2,0,1,24Kto32K,3Kto4K,9Kto12K,91.5Kto122K
Year1,0,0,8Kto16K,2Kto3K,3Kto6K,30.5Kto61K
Year2,0,1,32Kto40K,2Kto3K,9Kto12K,122Kto152.5K
Year2,0,1,16Kto24K,2Kto3K,6Kto9K,61Kto91.5K
Year2,0,1,16Kto24K,2Kto3K,6Kto9K,61Kto91.5K
Year2,0,1,16Kto24K,1Kto2K,6Kto9K,61Kto91.5K
Year2,0,1,16Kto24K,2Kto3K,6Kto9K,61Kto91.5K
Year2,0,1,24Kto32K,2Kto3K,6Kto9K,91.5Kto122K
Year2,0,1,32Kto40K,3Kto4K,9Kto12K,122Kto152.5K
Year2,0,0,24Kto32K,3Kto4K,9Kto12K,91.5Kto122K
Year2,0,0,16Kto24K,2Kto3K,6Kto9K,61Kto91.5K
Year2,0,0,16Kto24K,2Kto3K,6Kto9K,61Kto91.5K
Year1,0,1,16Kto24K,3Kto4K,3Kto6K,61Kto91.5K
Year1,0,0,8Kto16K,2Kto3K,3Kto6K,30.5Kto61K
Year2,0,0,16Kto24K,2Kto3K,6Kto9K,61Kto91.5K
Year2,0,0,16Kto24K,2Kto3K,6Kto9K,61Kto91.5K
Year2,0,0,16Kto24K,2Kto3K,6Kto9K,91.5Kto122K
Year2,0,0,24Kto32K,3Kto4K,9Kto12K,91.5Kto122K
Year2,0,0,24Kto32K,2Kto3K,9Kto12K,91.5Kto122K
Year2,0,0,16Kto24K,2Kto3K,6Kto9K,61Kto91.5K
Year2,0,0,16Kto24K,1Kto2K,6Kto9K,61Kto91.5K
Year2,0,0,16Kto24K,2Kto3K,6Kto9K,61Kto91.5K
Year2,0,0,16Kto24K,2Kto3K,6Kto9K,61Kto91.5K
Year2,0,0,16Kto24K,2Kto3K,6Kto9K,61Kto91.5K
Year1,0,0,8Kto16K,2Kto3K,3Kto6K,30.5Kto61K
Year2,0,0,24Kto32K,2Kto3K,9Kto12K,91.5Kto122K
Year2,0,0,24Kto32K,2Kto3K,9Kto12K,91.5Kto122K
Year2,0,1,16Kto24K,2Kto3K,6Kto9K,91.5Kto122K
Year2,0,1,24Kto32K,2Kto3K,6Kto9K,61Kto91.5K
Year2,0,1,24Kto32K,2Kto3K,6Kto9K,91.5Kto122K
Year2,0,1,16Kto24K,2Kto3K,6Kto9K,61Kto91.5K
Year2,0,1,24Kto32K,2Kto3K,6Kto9K,91.5Kto122K
Year2,0,1,24Kto32K,2Kto3K,9Kto12K,91.5Kto122K
Year2,0,1,24Kto32K,2Kto3K,9Kto12K,91.5Kto122K
Year2,1,1,24Kto32K,2Kto3K,6Kto9K,91.5Kto122K
Year1,0,0,8Kto16K,3Kto4K,3Kto6K,30.5Kto61K
Year2,0,1,16Kto24K,2Kto3K,6Kto9K,61Kto91.5K
Year2,0,1,16Kto24K,2Kto3K,6Kto9K,61Kto91.5K
Year2,0,1,16Kto24K,2Kto3K,6Kto9K,61Kto91.5K
Year2,0,1,24Kto32K,2Kto3K,6Kto9K,91.5Kto122K
Year2,0,1,24Kto32K,3Kto4K,9Kto12K,91.5Kto122K
Year2,0,1,24Kto32K,2Kto3K,9Kto12K,91.5Kto122K
Year2,0,1,24Kto32K,2Kto3K,6Kto9K,91.5Kto122K
Year2,0,0,16Kto24K,1Kto2K,6Kto9K,61Kto91.5K
Year2,0,0,16Kto24K,2Kto3K,6Kto9K,61Kto91.5K
Year2,0,0,16Kto24K,2Kto3K,6Kto9K,61Kto91.5K
Year1,0,1,16Kto24K,3Kto4K,3Kto6K,61Kto91.5K
Year2,0,0,16Kto24K,2Kto3K,6Kto9K,61Kto91.5K
Year2,0,0,24Kto32K,2Kto3K,9Kto12K,91.5Kto122K
Year2,0,0,24Kto32K,2Kto3K,9Kto12K,91.5Kto122K
Year2,0,0,16Kto24K,2Kto3K,6Kto9K,61Kto91.5K
Year2,0,0,16Kto24K,2Kto3K,6Kto9K,61Kto91.5K
Year2,0,0,16Kto24K,2Kto3K,3Kto6K,61Kto91.5K
Year2,0,0,16Kto24K,2Kto3K,3Kto6K,61Kto91.5K
Year2,1,0,16Kto24K,2Kto3K,6Kto9K,61Kto91.5K
Year2,0,0,24Kto32K,3Kto4K,9Kto12K,91.5Kto122K
Year2,0,0,24Kto32K,2Kto3K,6Kto9K,91.5Kto122K
Year1,0,1,16Kto24K,3Kto4K,6Kto9K,61Kto91.5K
Year2,0,0,16Kto24K,2Kto3K,6Kto9K,61Kto91.5K
Year2,0,0,16Kto24K,2Kto3K,6Kto9K,61Kto91.5K
Year2,1,0,16Kto24K,2Kto3K,3Kto6K,61Kto91.5K
Year2,0,1,16Kto24K,2Kto3K,6Kto9K,61Kto91.5K
Year2,0,1,24Kto32K,2Kto3K,6Kto9K,91.5Kto122K
Year2,0,1,24Kto32K,3Kto4K,9Kto12K,122Kto152.5K
Year2,0,1,24Kto32K,2Kto3K,9Kto12K,91.5Kto122K
Year2,0,1,16Kto24K,2Kto3K,6Kto9K,61Kto91.5K
Year2,0,1,16Kto24K,2Kto3K,6Kto9K,61Kto91.5K
Year2,0,1,16Kto24K,2Kto3K,6Kto9K,61Kto91.5K
Year1,0,1,16Kto24K,3Kto4K,6Kto9K,61Kto91.5K
Year2,0,1,16Kto24K,2Kto3K,6Kto9K,61Kto91.5K
Year2,0,1,24Kto32K,2Kto3K,6Kto9K,91.5Kto122K
Year2,0,1,24Kto32K,3Kto4K,9Kto12K,91.5Kto122K
Year2,1,1,24Kto32K,3Kto4K,9Kto12K,91.5Kto122K
Year2,0,1,24Kto32K,2Kto3K,6Kto9K,61Kto91.5K
Year2,0,1,16Kto24K,2Kto3K,3Kto6K,61Kto91.5K
Year2,0,1,16Kto24K,1Kto2K,3Kto6K,61Kto91.5K
Year2,0,1,16Kto24K,1Kto2K,3Kto6K,61Kto91.5K
Year2,0,0,16Kto24K,2Kto3K,6Kto9K,61Kto91.5K
Year2,0,0,24Kto32K,3Kto4K,9Kto12K,91.5Kto122K
Year1,0,1,16Kto24K,2Kto3K,3Kto6K,61Kto91.5K
Year2,0,0,24Kto32K,2Kto3K,6Kto9K,91.5Kto122K
Year2,0,0,16Kto24K,2Kto3K,6Kto9K,61Kto91.5K
Year2,0,0,16Kto24K,2Kto3K,6Kto9K,61Kto91.5K
Year2,0,0,24Kto32K,2Kto3K,6Kto9K,91.5Kto122K
Year2,1,0,16Kto24K,1Kto2K,3Kto6K,30.5Kto61K
Year2,0,0,8Kto16K,1Kto2K,6Kto9K,61Kto91.5K
Year2,0,0,16Kto24K,2Kto3K,6Kto9K,61Kto91.5K
Year2,0,0,16Kto24K,2Kto3K,6Kto9K,91.5Kto122K
Year2,0,0,16Kto24K,2Kto3K,6Kto9K,61Kto91.5K
Year2,0,0,16Kto24K,1Kto2K,3Kto6K,61Kto91.5K
Year1,0,1,16Kto24K,2Kto3K,3Kto6K,61Kto91.5K
Year2,0,0,16Kto24K,1Kto2K,3Kto6K,61Kto91.5K
Year2,0,0,16Kto24K,2Kto3K,3Kto6K,61Kto91.5K
Year2,0,0,16Kto24K,2Kto3K,6Kto9K,61Kto91.5K
Year2,0,1,24Kto32K,3Kto4K,9Kto12K,91.5Kto122K
Year2,0,1,24Kto32K,2Kto3K,9Kto12K,91.5Kto122K
Year2,0,1,24Kto32K,2Kto3K,6Kto9K,91.5Kto122K
Year2,0,1,16Kto24K,2Kto3K,6Kto9K,61Kto91.5K
Year2,0,1,16Kto24K,2Kto3K,3Kto6K,61Kto91.5K
Year2,0,1,16Kto24K,2Kto3K,6Kto9K,61Kto91.5K
Year2,0,1,16Kto24K,2Kto3K,6Kto9K,91.5Kto122K
Year1,0,1,16Kto24K,2Kto3K,3Kto6K,30.5Kto61K
Year2,0,1,24Kto32K,2Kto3K,6Kto9K,91.5Kto122K
Year2,0,1,24Kto32K,2Kto3K,6Kto9K,91.5Kto122K
Year2,0,1,16Kto24K,2Kto3K,3Kto6K,61Kto91.5K
Year2,0,1,16Kto24K,2Kto3K,3Kto6K,61Kto91.5K
Year2,0,1,16Kto24K,2Kto3K,3Kto6K,61Kto91.5K
Year2,0,1,16Kto24K,2Kto3K,3Kto6K,61Kto91.5K
Year2,0,1,16Kto24K,2Kto3K,6Kto9K,91.5Kto122K
Year2,0,1,24Kto32K,3Kto4K,6Kto9K,91.5Kto122K
Year2,1,0,24Kto32K,2Kto3K,6Kto9K,91.5Kto122K
Year2,0,0,16Kto24K,2Kto3K,6Kto9K,61Kto91.5K
Year1,0,1,16Kto24K,2Kto3K,3Kto6K,30.5Kto61K
Year2,0,0,16Kto24K,2Kto3K,3Kto6K,61Kto91.5K
Year2,0,0,16Kto24K,2Kto3K,3Kto6K,61Kto91.5K
Year2,0,0,16Kto24K,2Kto3K,6Kto9K,61Kto91.5K
Year2,0,0,16Kto24K,2Kto3K,6Kto9K,61Kto91.5K
Year2,0,0,24Kto32K,2Kto3K,6Kto9K,91.5Kto122K
Year2,0,0,24Kto32K,2Kto3K,6Kto9K,91.5Kto122K
Year2,0,0,24Kto32K,1Kto2K,3Kto6K,61Kto91.5K
Year2,1,0,0Kto8K,,,0Kto30.5K
Year2,0,0,16Kto24K,2Kto3K,6Kto9K,61Kto91.5K
Year2,0,0,16Kto24K,2Kto3K,6Kto9K,61Kto91.5K
Year1,0,1,16Kto24K,2Kto3K,3Kto6K,61Kto91.5K
Year1,0,1,16Kto24K,3Kto4K,3Kto6K,61Kto91.5K
Year2,0,0,16Kto24K,2Kto3K,6Kto9K,61Kto91.5K
Year2,0,0,24Kto32K,2Kto3K,9Kto12K,91.5Kto122K
Year2,0,0,24Kto32K,2Kto3K,9Kto12K,91.5Kto122K
Year2,0,0,24Kto32K,2Kto3K,6Kto9K,91.5Kto122K
Year2,1,1,16Kto24K,1Kto2K,3Kto6K,61Kto91.5K
Year2,0,1,16Kto24K,2Kto3K,6Kto9K,61Kto91.5K
Year2,0,1,24Kto32K,2Kto3K,6Kto9K,91.5Kto122K
Year2,0,1,16Kto24K,2Kto3K,6Kto9K,61Kto91.5K
Year2,0,1,24Kto32K,2Kto3K,9Kto12K,91.5Kto122K
Year2,0,1,32Kto40K,2Kto3K,6Kto9K,91.5Kto122K
Year1,0,1,16Kto24K,3Kto4K,6Kto9K,61Kto91.5K
Year2,1,1,24Kto32K,1Kto2K,6Kto9K,61Kto91.5K
Year2,0,1,16Kto24K,2Kto3K,6Kto9K,61Kto91.5K
Year2,0,1,16Kto24K,1Kto2K,3Kto6K,61Kto91.5K
Year2,0,1,16Kto24K,2Kto3K,3Kto6K,61Kto91.5K
Year2,0,1,24Kto32K,2Kto3K,6Kto9K,91.5Kto122K
Year2,0,1,32Kto40K,2Kto3K,9Kto12K,122Kto152.5K
Year2,0,1,24Kto32K,2Kto3K,6Kto9K,91.5Kto122K
Year2,0,1,16Kto24K,1Kto2K,3Kto6K,61Kto91.5K
Year2,0,1,16Kto24K,1Kto2K,3Kto6K,61Kto91.5K
Year2,0,0,16Kto24K,2Kto3K,6Kto9K,61Kto91.5K
Year1,0,1,16Kto24K,3Kto4K,3Kto6K,61Kto91.5K
Year2,0,0,16Kto24K,2Kto3K,6Kto9K,61Kto91.5K
Year2,0,0,16Kto24K,2Kto3K,6Kto9K,91.5Kto122K
Year2,0,0,24Kto32K,3Kto4K,9Kto12K,91.5Kto122K
Year2,0,0,24Kto32K,2Kto3K,6Kto9K,91.5Kto122K
Year2,1,0,16Kto24K,2Kto3K,6Kto9K,61Kto91.5K
Year2,0,0,16Kto24K,2Kto3K,3Kto6K,61Kto91.5K
Year2,0,0,16Kto24K,2Kto3K,3Kto6K,61Kto91.5K
Year2,0,0,16Kto24K,2Kto3K,3Kto6K,61Kto91.5K
Year2,0,0,16Kto24K,3Kto4K,6Kto9K,61Kto91.5K
Year2,0,0,24Kto32K,4Kto5k,9Kto12K,91.5Kto122K
Year1,0,1,16Kto24K,2Kto3K,3Kto6K,61Kto91.5K
Year2,0,0,24Kto32K,3Kto4K,6Kto9K,91.5Kto122K
Year3,0,0,16Kto24K,2Kto3K,3Kto6K,61Kto91.5K
Year3,0,0,16Kto24K,2Kto3K,3Kto6K,61Kto91.5K
Year3,0,0,16Kto24K,2Kto3K,3Kto6K,61Kto91.5K
Year3,0,0,16Kto24K,2Kto3K,3Kto6K,61Kto91.5K
Year3,0,1,24Kto32K,4Kto5k,9Kto12K,91.5Kto122K
Year3,0,1,32Kto40K,5Kto6K,9Kto12K,122Kto152.5K
Year3,1,1,24Kto32K,2Kto3K,6Kto9K,91.5Kto122K
Year3,0,1,16Kto24K,2Kto3K,6Kto9K,61Kto91.5K
Year3,0,1,16Kto24K,2Kto3K,6Kto9K,61Kto91.5K
Year1,0,1,16Kto24K,2Kto3K,3Kto6K,61Kto91.5K
Year3,0,1,16Kto24K,2Kto3K,6Kto9K,61Kto91.5K
Year3,0,1,16Kto24K,2Kto3K,6Kto9K,61Kto91.5K
Year3,0,1,24Kto32K,2Kto3K,6Kto9K,91.5Kto122K
Year3,0,1,24Kto32K,3Kto4K,9Kto12K,122Kto152.5K
Year3,0,1,24Kto32K,3Kto4K,9Kto12K,122Kto152.5K
Year3,0,1,24Kto32K,3Kto4K,6Kto9K,91.5Kto122K
Year3,0,1,24Kto32K,3Kto4K,6Kto9K,91.5Kto122K
Year3,1,1,24Kto32K,3Kto4K,6Kto9K,91.5Kto122K
Year3,1,1,16Kto24K,2Kto3K,6Kto9K,61Kto91.5K
Year3,0,1,24Kto32K,3Kto4K,9Kto12K,91.5Kto122K
Year1,0,1,8Kto16K,2Kto3K,3Kto6K,30.5Kto61K
Year3,0,0,24Kto32K,4Kto5k,9Kto12K,122Kto152.5K
Year3,0,0,24Kto32K,3Kto4K,9Kto12K,122Kto152.5K
Year3,1,0,16Kto24K,3Kto4K,6Kto9K,91.5Kto122K
Year3,0,0,16Kto24K,2Kto3K,6Kto9K,61Kto91.5K
Year3,1,0,16Kto24K,2Kto3K,6Kto9K,61Kto91.5K
Year3,0,0,16Kto24K,2Kto3K,6Kto9K,61Kto91.5K
Year3,0,0,16Kto24K,3Kto4K,6Kto9K,61Kto91.5K
Year3,0,0,24Kto32K,4Kto5k,9Kto12K,91.5Kto122K
Year3,1,0,24Kto32K,3Kto4K,9Kto12K,122Kto152.5K
Year3,0,0,16Kto24K,2Kto3K,6Kto9K,61Kto91.5K
Year1,0,1,8Kto16K,2Kto3K,3Kto6K,30.5Kto61K
Year3,0,0,16Kto24K,2Kto3K,6Kto9K,61Kto91.5K
Year3,0,0,16Kto24K,2Kto3K,6Kto9K,61Kto91.5K
Year3,0,0,16Kto24K,3Kto4K,6Kto9K,61Kto91.5K
Year3,0,1,24Kto32K,4Kto5k,9Kto12K,91.5Kto122K
Year3,0,1,32Kto40K,5Kto6K,12Kto15K,122Kto152.5K
Year3,0,1,32Kto40K,3Kto4K,9Kto12K,122Kto152.5K
Year3,0,1,24Kto32K,2Kto3K,6Kto9K,91.5Kto122K
Year3,0,1,16Kto24K,2Kto3K,6Kto9K,61Kto91.5K
Year3,0,1,16Kto24K,2Kto3K,6Kto9K,61Kto91.5K
Year3,0,1,16Kto24K,2Kto3K,6Kto9K,61Kto91.5K
Year1,0,1,16Kto24K,2Kto3K,3Kto6K,61Kto91.5K
Year3,0,1,16Kto24K,2Kto3K,6Kto9K,91.5Kto122K
Year3,0,1,24Kto32K,3Kto4K,9Kto12K,122Kto152.5K
Year3,0,1,24Kto32K,3Kto4K,9Kto12K,122Kto152.5K
Year3,0,1,24Kto32K,3Kto4K,6Kto9K,91.5Kto122K
Year3,0,1,16Kto24K,2Kto3K,6Kto9K,91.5Kto122K
Year3,0,1,16Kto24K,2Kto3K,6Kto9K,61Kto91.5K
Year3,0,1,16Kto24K,3Kto4K,6Kto9K,61Kto91.5K
Year3,0,1,24Kto32K,3Kto4K,6Kto9K,91.5Kto122K
Year3,0,0,24Kto32K,4Kto5k,9Kto12K,122Kto152.5K
Year3,1,0,24Kto32K,3Kto4K,9Kto12K,91.5Kto122K
Year1,0,0,16Kto24K,3Kto4K,6Kto9K,61Kto91.5K
Year3,0,0,16Kto24K,2Kto3K,6Kto9K,61Kto91.5K
Year3,0,0,16Kto24K,2Kto3K,6Kto9K,61Kto91.5K
Year3,0,0,16Kto24K,3Kto4K,6Kto9K,61Kto91.5K
Year3,0,0,16Kto24K,2Kto3K,6Kto9K,61Kto91.5K
Year3,0,0,16Kto24K,3Kto4K,6Kto9K,91.5Kto122K
Year3,0,0,24Kto32K,4Kto5k,9Kto12K,91.5Kto122K
Year3,0,0,24Kto32K,3Kto4K,9Kto12K,91.5Kto122K
Year3,0,0,16Kto24K,2Kto3K,6Kto9K,61Kto91.5K
Year3,0,0,16Kto24K,2Kto3K,6Kto9K,61Kto91.5K
Year3,0,0,16Kto24K,2Kto3K,6Kto9K,61Kto91.5K
Year1,0,0,16Kto24K,3Kto4K,6Kto9K,61Kto91.5K
Year3,0,0,16Kto24K,2Kto3K,6Kto9K,61Kto91.5K
Year3,0,0,24Kto32K,2Kto3K,9Kto12K,91.5Kto122K
Year3,0,0,32Kto40K,3Kto4K,9Kto12K,122Kto152.5K
Year3,1,0,24Kto32K,2Kto3K,6Kto9K,91.5Kto122K
Year3,0,1,16Kto24K,3Kto4K,9Kto12K,91.5Kto122K
Year3,1,1,16Kto24K,3Kto4K,6Kto9K,61Kto91.5K
Year3,0,1,16Kto24K,3Kto4K,6Kto9K,91.5Kto122K
Year3,0,1,16Kto24K,2Kto3K,6Kto9K,61Kto91.5K
Year3,0,1,24Kto32K,3Kto4K,6Kto9K,91.5Kto122K
Year3,0,1,24Kto32K,4Kto5k,9Kto12K,122Kto152.5K
Year1,0,1,24Kto32K,3Kto4K,6Kto9K,91.5Kto122K
Year1,0,0,8Kto16K,2Kto3K,3Kto6K,61Kto91.5K
Year3,0,1,24Kto32K,4Kto5k,9Kto12K,122Kto152.5K
Year3,0,1,16Kto24K,3Kto4K,6Kto9K,91.5Kto122K
Year3,0,1,16Kto24K,3Kto4K,6Kto9K,61Kto91.5K
Year3,0,1,16Kto24K,3Kto4K,6Kto9K,61Kto91.5K
Year3,0,1,16Kto24K,3Kto4K,6Kto9K,61Kto91.5K
Year3,0,1,24Kto32K,3Kto4K,6Kto9K,91.5Kto122K
Year3,0,1,24Kto32K,4Kto5k,9Kto12K,91.5Kto122K
Year3,0,1,24Kto32K,4Kto5k,9Kto12K,91.5Kto122K
Year3,0,1,16Kto24K,3Kto4K,6Kto9K,91.5Kto122K
Year3,0,0,16Kto24K,3Kto4K,6Kto9K,61Kto91.5K
Year1,0,0,8Kto16K,2Kto3K,3Kto6K,30.5Kto61K
Year3,0,0,16Kto24K,2Kto3K,6Kto9K,61Kto91.5K
Year3,0,0,16Kto24K,3Kto4K,6Kto9K,61Kto91.5K
Year3,0,0,16Kto24K,3Kto4K,6Kto9K,61Kto91.5K
Year3,0,0,24Kto32K,4Kto5k,9Kto12K,91.5Kto122K
Year3,0,0,24Kto32K,3Kto4K,9Kto12K,91.5Kto122K
Year3,0,0,16Kto24K,3Kto4K,6Kto9K,61Kto91.5K
Year3,0,0,16Kto24K,2Kto3K,6Kto9K,61Kto91.5K
Year3,0,0,16Kto24K,3Kto4K,6Kto9K,61Kto91.5K
Year3,0,0,16Kto24K,3Kto4K,6Kto9K,61Kto91.5K
Year3,0,0,16Kto24K,3Kto4K,6Kto9K,61Kto91.5K
Year1,0,0,8Kto16K,2Kto3K,3Kto6K,30.5Kto61K
Year3,0,0,16Kto24K,3Kto4K,9Kto12K,91.5Kto122K
Year3,0,0,24Kto32K,3Kto4K,9Kto12K,91.5Kto122K
Year3,0,0,16Kto24K,2Kto3K,6Kto9K,61Kto91.5K
Year3,0,0,16Kto24K,2Kto3K,6Kto9K,61Kto91.5K
Year3,0,1,16Kto24K,2Kto3K,6Kto9K,61Kto91.5K
Year3,0,1,16Kto24K,2Kto3K,6Kto9K,61Kto91.5K
Year3,0,1,24Kto32K,2Kto3K,6Kto9K,91.5Kto122K
Year3,0,1,24Kto32K,3Kto4K,9Kto12K,91.5Kto122K
Year3,1,1,24Kto32K,3Kto4K,9Kto12K,91.5Kto122K
Year3,0,1,24Kto32K,3Kto4K,6Kto9K,91.5Kto122K
Year1,0,0,8Kto16K,2Kto3K,3Kto6K,30.5Kto61K
Year3,0,1,16Kto24K,2Kto3K,6Kto9K,61Kto91.5K
Year3,0,1,16Kto24K,3Kto4K,6Kto9K,61Kto91.5K
Year3,0,1,16Kto24K,3Kto4K,6Kto9K,91.5Kto122K
Year3,0,1,16Kto24K,3Kto4K,6Kto9K,91.5Kto122K
Year3,0,1,24Kto32K,4Kto5k,9Kto12K,91.5Kto122K
Year3,1,1,24Kto32K,3Kto4K,6Kto9K,91.5Kto122K
Year3,0,1,16Kto24K,3Kto4K,6Kto9K,91.5Kto122K
Year3,0,1,16Kto24K,3Kto4K,6Kto9K,61Kto91.5K
Year3,0,1,16Kto24K,3Kto4K,6Kto9K,91.5Kto122K
Year3,0,0,16Kto24K,3Kto4K,6Kto9K,61Kto91.5K
Year1,0,0,16Kto24K,2Kto3K,3Kto6K,61Kto91.5K
Year3,0,0,16Kto24K,3Kto4K,6Kto9K,91.5Kto122K
Year3,0,0,24Kto32K,4Kto5k,9Kto12K,91.5Kto122K
Year3,0,0,24Kto32K,4Kto5k,9Kto12K,91.5Kto122K
Year3,0,0,16Kto24K,3Kto4K,6Kto9K,61Kto91.5K
Year3,0,0,16Kto24K,3Kto4K,6Kto9K,61Kto91.5K
Year3,0,0,16Kto24K,3Kto4K,6Kto9K,61Kto91.5K
Year3,0,0,16Kto24K,3Kto4K,6Kto9K,61Kto91.5K
Year3,0,0,16Kto24K,3Kto4K,6Kto9K,91.5Kto122K
Year3,0,0,24Kto32K,4Kto5k,9Kto12K,91.5Kto122K
Year3,0,0,16Kto24K,3Kto4K,6Kto9K,91.5Kto122K
Year1,0,0,16Kto24K,3Kto4K,3Kto6K,61Kto91.5K
Year3,1,0,16Kto24K,3Kto4K,6Kto9K,91.5Kto122K
Year3,0,0,16Kto24K,3Kto4K,6Kto9K,61Kto91.5K
Year3,0,0,16Kto24K,3Kto4K,6Kto9K,61Kto91.5K
Year3,0,0,16Kto24K,2Kto3K,6Kto9K,61Kto91.5K
Year3,0,0,16Kto24K,3Kto4K,9Kto12K,91.5Kto122K
Year3,0,1,24Kto32K,4Kto5k,9Kto12K,122Kto152.5K
Year3,0,1,24Kto32K,4Kto5k,9Kto12K,122Kto152.5K
Year3,0,1,24Kto32K,3Kto4K,9Kto12K,91.5Kto122K
Year3,0,1,16Kto24K,3Kto4K,6Kto9K,61Kto91.5K
Year3,0,1,24Kto32K,3Kto4K,6Kto9K,91.5Kto122K
Year1,1,0,16Kto24K,2Kto3K,3Kto6K,61Kto91.5K
Year3,1,1,16Kto24K,3Kto4K,6Kto9K,61Kto91.5K
Year3,0,1,24Kto32K,3Kto4K,6Kto9K,91.5Kto122K
Year3,0,1,24Kto32K,4Kto5k,9Kto12K,91.5Kto122K
Year3,0,1,32Kto40K,4Kto5k,9Kto12K,122Kto152.5K
Year3,0,1,24Kto32K,3Kto4K,6Kto9K,91.5Kto122K
Year3,0,1,24Kto32K,3Kto4K,6Kto9K,91.5Kto122K
Year3,0,1,16Kto24K,3Kto4K,6Kto9K,91.5Kto122K
Year3,0,1,16Kto24K,3Kto4K,6Kto9K,61Kto91.5K
Year3,0,1,24Kto32K,3Kto4K,6Kto9K,91.5Kto122K
Year3,0,1,32Kto40K,4Kto5k,9Kto12K,122Kto152.5K
Year1,0,0,8Kto16K,2Kto3K,3Kto6K,30.5Kto61K
Year3,1,0,24Kto32K,3Kto4K,6Kto9K,91.5Kto122K
Year3,0,0,16Kto24K,3Kto4K,6Kto9K,91.5Kto122K
Year3,0,0,16Kto24K,3Kto4K,6Kto9K,61Kto91.5K
Year3,0,0,16Kto24K,3Kto4K,6Kto9K,61Kto91.5K
Year3,1,0,16Kto24K,3Kto4K,6Kto9K,61Kto91.5K
Year3,0,0,24Kto32K,3Kto4K,6Kto9K,91.5Kto122K
Year3,0,0,24Kto32K,4Kto5k,9Kto12K,91.5Kto122K
Year3,0,0,24Kto32K,3Kto4K,9Kto12K,91.5Kto122K
Year3,0,0,16Kto24K,3Kto4K,6Kto9K,91.5Kto122K
Year3,0,0,16Kto24K,3Kto4K,6Kto9K,61Kto91.5K
Year1,1,0,8Kto16K,2Kto3K,3Kto6K,30.5Kto61K
Year3,0,0,16Kto24K,3Kto4K,6Kto9K,61Kto91.5K
Year3,0,0,16Kto24K,3Kto4K,6Kto9K,61Kto91.5K
Year3,0,0,24Kto32K,3Kto4K,6Kto9K,91.5Kto122K
Year3,0,0,24Kto32K,4Kto5k,9Kto12K,91.5Kto122K
Year3,0,0,24Kto32K,4Kto5k,9Kto12K,91.5Kto122K
Year3,0,1,24Kto32K,3Kto4K,6Kto9K,91.5Kto122K
Year3,0,1,24Kto32K,3Kto4K,6Kto9K,91.5Kto122K
Year3,0,1,24Kto32K,3Kto4K,6Kto9K,91.5Kto122K
Year3,1,1,24Kto32K,2Kto3K,6Kto9K,91.5Kto122K
Year3,0,1,24Kto32K,3Kto4K,6Kto9K,91.5Kto122K
Year1,0,0,8Kto16K,2Kto3K,3Kto6K,30.5Kto61K
Year3,0,1,24Kto32K,3Kto4K,9Kto12K,91.5Kto122K
Year3,0,1,24Kto32K,3Kto4K,9Kto12K,122Kto152.5K
Year3,0,1,24Kto32K,3Kto4K,6Kto9K,91.5Kto122K
Year3,1,1,24Kto32K,2Kto3K,6Kto9K,91.5Kto122K
Year3,0,1,24Kto32K,2Kto3K,6Kto9K,91.5Kto122K
Year3,0,1,24Kto32K,3Kto4K,6Kto9K,91.5Kto122K
Year3,0,1,24Kto32K,3Kto4K,9Kto12K,91.5Kto122K
Year3,0,1,24Kto32K,3Kto4K,9Kto12K,122Kto152.5K
Year3,0,1,32Kto40K,3Kto4K,9Kto12K,122Kto152.5K
Year3,0,1,24Kto32K,3Kto4K,6Kto9K,91.5Kto122K
Year1,1,1,24Kto32K,2Kto3K,3Kto6K,61Kto91.5K
Year1,0,0,8Kto16K,2Kto3K,3Kto6K,30.5Kto61K
Year3,0,0,16Kto24K,3Kto4K,6Kto9K,61Kto91.5K
Year3,0,0,16Kto24K,3Kto4K,6Kto9K,61Kto91.5K
Year3,0,0,16Kto24K,3Kto4K,6Kto9K,91.5Kto122K
Year3,0,0,24Kto32K,3Kto4K,6Kto9K,91.5Kto122K
Year3,0,0,24Kto32K,4Kto5k,9Kto12K,91.5Kto122K
Year3,0,0,24Kto32K,3Kto4K,9Kto12K,91.5Kto122K
Year3,0,0,16Kto24K,2Kto3K,6Kto9K,61Kto91.5K
Year3,0,0,16Kto24K,3Kto4K,6Kto9K,61Kto91.5K
Year3,0,0,16Kto24K,2Kto3K,6Kto9K,61Kto91.5K
Year3,0,0,16Kto24K,3Kto4K,6Kto9K,61Kto91.5K
Year1,0,0,8Kto16K,2Kto3K,3Kto6K,61Kto91.5K
Year3,0,0,24Kto32K,3Kto4K,6Kto9K,91.5Kto122K
Year3,0,0,24Kto32K,3Kto4K,9Kto12K,91.5Kto122K
Year3,0,0,24Kto32K,3Kto4K,9Kto12K,91.5Kto122K
Year3,0,0,16Kto24K,3Kto4K,6Kto9K,61Kto91.5K
Year3,0,0,16Kto24K,2Kto3K,6Kto9K,61Kto91.5K
Year3,0,0,16Kto24K,3Kto4K,6Kto9K,61Kto91.5K
Year3,0,1,24Kto32K,3Kto4K,6Kto9K,91.5Kto122K
Year3,0,1,24Kto32K,4Kto5k,9Kto12K,91.5Kto122K
Year3,0,1,32Kto40K,4Kto5k,9Kto12K,122Kto152.5K
Year3,0,1,24Kto32K,3Kto4K,9Kto12K,122Kto152.5K
Year1,0,0,16Kto24K,4Kto5k,6Kto9K,61Kto91.5K
Year3,0,1,24Kto32K,3Kto4K,6Kto9K,91.5Kto122K
Year3,0,1,24Kto32K,3Kto4K,6Kto9K,91.5Kto122K
Year3,0,1,24Kto32K,2Kto3K,6Kto9K,91.5Kto122K
Year3,1,1,24Kto32K,2Kto3K,6Kto9K,91.5Kto122K
Year3,0,1,24Kto32K,3Kto4K,6Kto9K,91.5Kto122K
Year3,0,1,24Kto32K,3Kto4K,9Kto12K,91.5Kto122K
Year3,0,1,32Kto40K,3Kto4K,9Kto12K,122Kto152.5K
Year3,0,1,24Kto32K,3Kto4K,6Kto9K,91.5Kto122K
Year3,0,1,24Kto32K,2Kto3K,6Kto9K,91.5Kto122K
Year3,0,1,24Kto32K,2Kto3K,6Kto9K,61Kto91.5K
Year1,0,1,16Kto24K,3Kto4K,3Kto6K,61Kto91.5K
Year3,0,1,24Kto32K,2Kto3K,6Kto9K,91.5Kto122K
Year3,0,0,24Kto32K,3Kto4K,6Kto9K,91.5Kto122K
Year3,0,0,24Kto32K,3Kto4K,9Kto12K,91.5Kto122K
Year3,0,0,24Kto32K,3Kto4K,9Kto12K,91.5Kto122K
Year3,0,0,24Kto32K,2Kto3K,6Kto9K,91.5Kto122K
Year3,0,0,16Kto24K,2Kto3K,6Kto9K,61Kto91.5K
Year3,0,0,16Kto24K,3Kto4K,6Kto9K,61Kto91.5K
Year3,0,0,16Kto24K,2Kto3K,6Kto9K,61Kto91.5K
Year3,0,0,24Kto32K,3Kto4K,6Kto9K,91.5Kto122K
Year3,0,0,24Kto32K,3Kto4K,9Kto12K,91.5Kto122K
Year1,0,1,8Kto16K,2Kto3K,3Kto6K,61Kto91.5K
Year3,0,0,32Kto40K,4Kto5k,9Kto12K,122Kto152.5K
Year3,0,0,16Kto24K,2Kto3K,6Kto9K,91.5Kto122K
Year3,0,0,16Kto24K,2Kto3K,6Kto9K,61Kto91.5K
Year3,0,0,16Kto24K,3Kto4K,6Kto9K,61Kto91.5K
Year3,0,0,16Kto24K,2Kto3K,6Kto9K,61Kto91.5K
Year3,0,0,24Kto32K,3Kto4K,9Kto12K,91.5Kto122K
Year3,0,0,32Kto40K,4Kto5k,9Kto12K,122Kto152.5K
Year3,0,1,32Kto40K,2Kto3K,9Kto12K,91.5Kto122K
Year3,1,1,32Kto40K,2Kto3K,9Kto12K,122Kto152.5K
Year3,0,1,24Kto32K,2Kto3K,6Kto9K,91.5Kto122K
Year1,0,1,16Kto24K,3Kto4K,3Kto6K,61Kto91.5K
Year3,0,1,24Kto32K,1Kto2K,6Kto9K,61Kto91.5K
Year3,0,1,24Kto32K,2Kto3K,6Kto9K,91.5Kto122K
Year3,0,1,24Kto32K,2Kto3K,6Kto9K,91.5Kto122K
Year3,0,1,32Kto40K,2Kto3K,9Kto12K,122Kto152.5K
Year3,0,1,32Kto40K,4Kto5k,9Kto12K,122Kto152.5K
Year3,0,1,24Kto32K,2Kto3K,6Kto9K,91.5Kto122K
Year3,0,1,24Kto32K,2Kto3K,6Kto9K,61Kto91.5K
Year3,0,1,24Kto32K,2Kto3K,6Kto9K,91.5Kto122K
Year3,0,1,24Kto32K,3Kto4K,6Kto9K,91.5Kto122K
Year3,0,1,24Kto32K,3Kto4K,6Kto9K,91.5Kto122K
Year1,0,1,8Kto16K,2Kto3K,3Kto6K,30.5Kto61K
Year3,0,1,32Kto40K,4Kto5k,9Kto12K,122Kto152.5K
Year3,0,1,32Kto40K,4Kto5k,9Kto12K,122Kto152.5K
Year3,0,0,24Kto32K,2Kto3K,6Kto9K,91.5Kto122K
Year3,0,0,16Kto24K,2Kto3K,6Kto9K,61Kto91.5K
Year3,0,0,16Kto24K,2Kto3K,6Kto9K,61Kto91.5K
Year3,0,0,16Kto24K,2Kto3K,6Kto9K,61Kto91.5K
Year3,0,0,16Kto24K,3Kto4K,6Kto9K,91.5Kto122K
Year3,0,0,24Kto32K,4Kto5k,9Kto12K,122Kto152.5K
Year3,0,0,24Kto32K,3Kto4K,9Kto12K,122Kto152.5K
Year3,0,0,16Kto24K,3Kto4K,6Kto9K,61Kto91.5K
Year1,1,1,8Kto16K,2Kto3K,3Kto6K,30.5Kto61K
Year3,0,0,16Kto24K,3Kto4K,6Kto9K,61Kto91.5K
Year3,0,0,16Kto24K,2Kto3K,6Kto9K,61Kto91.5K
Year3,0,0,16Kto24K,2Kto3K,6Kto9K,61Kto91.5K
Year3,0,0,16Kto24K,3Kto4K,6Kto9K,91.5Kto122K
Year3,0,0,24Kto32K,4Kto5k,9Kto12K,91.5Kto122K
Year3,0,0,24Kto32K,4Kto5k,9Kto12K,91.5Kto122K
Year3,0,0,16Kto24K,3Kto4K,6Kto9K,61Kto91.5K
Year3,0,1,16Kto24K,3Kto4K,9Kto12K,91.5Kto122K
Year3,0,1,16Kto24K,3Kto4K,6Kto9K,61Kto91.5K
Year3,0,1,24Kto32K,3Kto4K,6Kto9K,91.5Kto122K
Year1,0,1,16Kto24K,2Kto3K,3Kto6K,61Kto91.5K
Year3,0,1,24Kto32K,3Kto4K,6Kto9K,91.5Kto122K
Year3,0,1,32Kto40K,4Kto5k,9Kto12K,122Kto152.5K
Year3,0,1,32Kto40K,4Kto5k,9Kto12K,122Kto152.5K
Year3,0,1,24Kto32K,3Kto4K,6Kto9K,91.5Kto122K
Year3,0,1,24Kto32K,3Kto4K,6Kto9K,91.5Kto122K
Year3,0,1,24Kto32K,3Kto4K,6Kto9K,91.5Kto122K
Year3,0,1,16Kto24K,3Kto4K,6Kto9K,91.5Kto122K
Year3,0,1,24Kto32K,3Kto4K,6Kto9K,91.5Kto122K
Year3,0,1,24Kto32K,4Kto5k,9Kto12K,122Kto152.5K
Year3,0,1,24Kto32K,4Kto5k,9Kto12K,122Kto152.5K
Year1,0,1,16Kto24K,3Kto4K,3Kto6K,61Kto91.5K
Year3,1,1,24Kto32K,3Kto4K,6Kto9K,91.5Kto122K
Year3,1,1,16Kto24K,2Kto3K,6Kto9K,91.5Kto122K
Year3,0,0,16Kto24K,3Kto4K,6Kto9K,61Kto91.5K
Year3,0,0,16Kto24K,3Kto4K,6Kto9K,61Kto91.5K
Year3,0,0,16Kto24K,3Kto4K,6Kto9K,91.5Kto122K
Year3,0,0,24Kto32K,4Kto5k,9Kto12K,91.5Kto122K
Year3,0,0,24Kto32K,4Kto5k,9Kto12K,122Kto152.5K
Year3,0,0,16Kto24K,3Kto4K,6Kto9K,61Kto91.5K
Year3,0,0,16Kto24K,3Kto4K,6Kto9K,61Kto91.5K
Year3,0,0,16Kto24K,3Kto4K,6Kto9K,61Kto91.5K
